Day,GE Stock ($),Lag 1,Lag 2,Lag 3,Lag 4,Lag5,Returns,,,,,,,,,,,,
1,17.07,,,,,,,,,Lag,ACF,,,,,,,,
2,16.63,17.07,,,,,-0.44,,,1,0.993120977,,0.993120977,,,,,,
3,16.86,16.63,17.07,,,,0.23,0.67,,2,0.985766656,,0.985766656,,,,,,
4,16.11,16.86,16.63,17.07,,,-0.75,-0.98,,3,0.977645267,,0.977645267,,,,,,
5,16.14,16.11,16.86,16.63,17.07,,0.03,0.78,,4,0.970143196,,0.970143196,,,,,,
6,16,16.14,16.11,16.86,16.63,17.07,-0.14,-0.17,,5,0.961876391,,0.961876391,,,,,,
7,15.83,16,16.14,16.11,16.86,16.63,-0.17,-0.03,,,,,,,,,,,
8,14.94,15.83,16,16.14,16.11,16.86,-0.89,-0.72,,,,GE Stock ($),Lag 1,Lag 2,Lag 3,Lag 4,Lag5,,
9,14.11,14.94,15.83,16,16.14,16.11,-0.83,0.06,,,GE Stock ($),1,,,,,,,
10,13.77,14.11,14.94,15.83,16,16.14,-0.34,0.49,,,Lag 1,0.993120977,1,,,,,,
11,13.96,13.77,14.11,14.94,15.83,16,0.19,0.53,,,Lag 2,0.985766656,0.993101727,1,,,,,
12,12.93,13.96,13.77,14.11,14.94,15.83,-1.03,-1.22,,,Lag 3,0.977645267,0.985727371,0.993082763,1,,,,
13,13.03,12.93,13.96,13.77,14.11,14.94,0.1,1.13,,,Lag 4,0.970143196,0.977581544,0.985687288,0.993064296,1,,,
14,13.48,13.03,12.93,13.96,13.77,14.11,0.45,0.35,,,Lag5,0.961876391,0.970060953,0.977520032,0.985648242,0.993046196,1,,
15,12.03,13.48,13.03,12.93,13.96,13.77,-1.45,-1.9,,,,,,,,,,,
16,12.42,12.03,13.48,13.03,12.93,13.96,0.39,1.84,,,,,,,,,,,
17,13.06,12.42,12.03,13.48,13.03,12.93,0.64,0.25,,,SUMMARY OUTPUT,,,,,,,,
18,13.5,13.06,12.42,12.03,13.48,13.03,0.44,-0.2,,,,,,,,,,,
19,12.72,13.5,13.06,12.42,12.03,13.48,-0.78,-1.22,,,Regression Statistics,,,,,,,,
20,12.13,12.72,13.5,13.06,12.42,12.03,-0.59,0.19,,,Multiple R,0.993243172,,,,,,,
21,11.62,12.13,12.72,13.5,13.06,12.42,-0.51,0.08,,,R Square,0.986531998,,,,,,,
22,11.37,11.62,12.13,12.72,13.5,13.06,-0.25,0.26,,,Adjusted R Square,0.986457093,,,,,,,
23,11.26,11.37,11.62,12.13,12.72,13.5,-0.11,0.14,,,Standard Error,0.329062406,,,,,,,
24,10.85,11.26,11.37,11.62,12.13,12.72,-0.41,-0.3,,,Observations,905,,,,,,,
25,11.1,10.85,11.26,11.37,11.62,12.13,0.25,0.66,,,,,,,,,,,
26,12.64,11.1,10.85,11.26,11.37,11.62,1.54,1.29,,,ANOVA,,,,,,,,
27,11.62,12.64,11.1,10.85,11.26,11.37,-1.02,-2.56,,,,df,SS,MS,F,Significance F,,,
28,11.94,11.62,12.64,11.1,10.85,11.26,0.32,1.34,,,Regression,5,7130.569922,1426.113984,13170.36168,0,,,
29,11.68,11.94,11.62,12.64,11.1,10.85,-0.26,-0.58,,,Residual,899,97.34557813,0.108282067,,,,,
30,11.44,11.68,11.94,11.62,12.64,11.1,-0.24,0.02,,,Total,904,7227.915501,,,,,,
31,10.81,11.44,11.68,11.94,11.62,12.64,-0.63,-0.39,,,,,,,,,,,
32,10.86,10.81,11.44,11.68,11.94,11.62,0.05,0.68,,,,Coefficients,Standard Error,t Stat,P-value,Lower 95%,Upper 95%,Lower 95.0%,Upper 95.0%
33,10.06,10.86,10.81,11.44,11.68,11.94,-0.8,-0.85,,,Intercept,0.110232252,0.065836563,1.674331822,0.094413222,-0.018978999,0.239443503,-0.018978999,0.239443503
34,9.38,10.06,10.86,10.81,11.44,11.68,-0.68,0.12,,,X Variable 1,1.037712135,0.03329512,31.16709409,3.5356E-145,0.972366924,1.103057346,0.972366924,1.103057346
35,8.85,9.38,10.06,10.86,10.81,11.44,-0.53,0.15,,,X Variable 2,0.006978964,0.047834151,0.145899184,0.884033682,-0.086900641,0.100858569,-0.086900641,0.100858569
36,9.08,8.85,9.38,10.06,10.86,10.81,0.23,0.76,,,X Variable 3,-0.09463643,0.047605759,-1.987919789,0.047123512,-0.188067791,-0.001205069,-0.188067791,-0.001205069
37,9.01,9.08,8.85,9.38,10.06,10.86,-0.07,-0.3,,,X Variable 4,0.102163963,0.047663258,2.143453188,0.032344488,0.008619753,0.195708173,0.008619753,0.195708173
38,9.1,9.01,9.08,8.85,9.38,10.06,0.09,0.16,,,X Variable 5,-0.05856555,0.033211929,-1.763389007,0.078174569,-0.12374749,0.00661639,-0.12374749,0.00661639
39,8.51,9.1,9.01,9.08,8.85,9.38,-0.59,-0.68,,,,,,,,,,,
40,7.6,8.51,9.1,9.01,9.08,8.85,-0.91,-0.32,,,,,,,,,,,
41,7.01,7.6,8.51,9.1,9.01,9.08,-0.59,0.32,,,,,,,,,,,
42,6.69,7.01,7.6,8.51,9.1,9.01,-0.32,0.27,,,,,,,,,,,
43,6.66,6.69,7.01,7.6,8.51,9.1,-0.03,0.29,,,,,,,,,,,
44,7.06,6.66,6.69,7.01,7.6,8.51,0.4,0.43,,,,,,,,,,,
45,7.41,7.06,6.66,6.69,7.01,7.6,0.35,-0.05,,,,,,,,,,,
46,8.87,7.41,7.06,6.66,6.69,7.01,1.46,1.11,,,,,,,,,,,
47,8.49,8.87,7.41,7.06,6.66,6.69,-0.38,-1.84,,,,,,,,,,,
48,9.57,8.49,8.87,7.41,7.06,6.66,1.08,1.46,,,,,,,,,,,
49,9.62,9.57,8.49,8.87,7.41,7.06,0.05,-1.03,,,,,,,,,,,
50,9.66,9.62,9.57,8.49,8.87,7.41,0.04,-0.01,,,,,,,,,,,
51,10,9.66,9.62,9.57,8.49,8.87,0.34,0.3,,,,,,,,,,,
52,10.32,10,9.66,9.62,9.57,8.49,0.32,-0.02,,,,,,,,,,,
53,10.13,10.32,10,9.66,9.62,9.57,-0.19,-0.51,,,,,,,,,,,
54,9.54,10.13,10.32,10,9.66,9.62,-0.59,-0.4,,,,,,,,,,,
55,10.43,9.54,10.13,10.32,10,9.66,0.89,1.48,,,,,,,,,,,
56,10.41,10.43,9.54,10.13,10.32,10,-0.02,-0.91,,,,,,,,,,,
57,10.49,10.41,10.43,9.54,10.13,10.32,0.08,0.1,,,,,,,,,,,
58,10.9,10.49,10.41,10.43,9.54,10.13,0.41,0.33,,,,,,,,,,,
59,10.78,10.9,10.49,10.41,10.43,9.54,-0.12,-0.53,,,,,,,,,,,
60,9.93,10.78,10.9,10.49,10.41,10.43,-0.85,-0.73,,,,,,,,,,,
61,10.11,9.93,10.78,10.9,10.49,10.41,0.18,1.03,,,,,,,,,,,
62,10.17,10.11,9.93,10.78,10.9,10.49,0.06,-0.12,,,,,,,,,,,
63,10.74,10.17,10.11,9.93,10.78,10.9,0.57,0.51,,,,,,,,,,,
64,10.94,10.74,10.17,10.11,9.93,10.78,0.2,-0.37,,,,,,,,,,,
65,11.19,10.94,10.74,10.17,10.11,9.93,0.25,0.05,,,,,,,,,,,
66,10.65,11.19,10.94,10.74,10.17,10.11,-0.54,-0.79,,,,,,,,,,,
67,10.64,10.65,11.19,10.94,10.74,10.17,-0.01,0.53,,,,,,,,,,,
68,11.33,10.64,10.65,11.19,10.94,10.74,0.69,0.7,,,,,,,,,,,
69,12.13,11.33,10.64,10.65,11.19,10.94,0.8,0.11,,,,,,,,,,,
70,11.51,12.13,11.33,10.64,10.65,11.19,-0.62,-1.42,,,,,,,,,,,
71,11.83,11.51,12.13,11.33,10.64,10.65,0.32,0.94,,,,,,,,,,,
72,12.27,11.83,11.51,12.13,11.33,10.64,0.44,0.12,,,,,,,,,,,
73,12.39,12.27,11.83,11.51,12.13,11.33,0.12,-0.32,,,,,,,,,,,
74,11.35,12.39,12.27,11.83,11.51,12.13,-1.04,-1.16,,,,,,,,,,,
75,11.7,11.35,12.39,12.27,11.83,11.51,0.35,1.39,,,,,,,,,,,
76,11.8,11.7,11.35,12.39,12.27,11.83,0.1,-0.25,,,,,,,,,,,
77,11.88,11.8,11.7,11.35,12.39,12.27,0.08,-0.02,,,,,,,,,,,
78,12.11,11.88,11.8,11.7,11.35,12.39,0.23,0.15,,,,,,,,,,,
79,12.09,12.11,11.88,11.8,11.7,11.35,-0.02,-0.25,,,,,,,,,,,
80,12,12.09,12.11,11.88,11.8,11.7,-0.09,-0.07,,,,,,,,,,,
81,12.22,12,12.09,12.11,11.88,11.8,0.22,0.31,,,,,,,,,,,
82,12.65,12.22,12,12.09,12.11,11.88,0.43,0.21,,,,,,,,,,,
83,12.69,12.65,12.22,12,12.09,12.11,0.04,-0.39,,,,,,,,,,,
84,13.1,12.69,12.65,12.22,12,12.09,0.41,0.37,,,,,,,,,,,
85,13.1,13.1,12.69,12.65,12.22,12,0,-0.41,,,,,,,,,,,
86,13.67,13.1,13.1,12.69,12.65,12.22,0.57,0.57,,,,,,,,,,,
87,13.96,13.67,13.1,13.1,12.69,12.65,0.29,-0.28,,,,,,,,,,,
88,14.53,13.96,13.67,13.1,13.1,12.69,0.57,0.28,,,,,,,,,,,
89,14.19,14.53,13.96,13.67,13.1,13.1,-0.34,-0.91,,,,,,,,,,,
90,13.68,14.19,14.53,13.96,13.67,13.1,-0.51,-0.17,,,,,,,,,,,
91,12.91,13.68,14.19,14.53,13.96,13.67,-0.77,-0.26,,,,,,,,,,,
92,13.04,12.91,13.68,14.19,14.53,13.96,0.13,0.9,,,,,,,,,,,
93,12.86,13.04,12.91,13.68,14.19,14.53,-0.18,-0.31,,,,,,,,,,,
94,13.47,12.86,13.04,12.91,13.68,14.19,0.61,0.79,,,,,,,,,,,
95,13.7,13.47,12.86,13.04,12.91,13.68,0.23,-0.38,,,,,,,,,,,
96,13.77,13.7,13.47,12.86,13.04,12.91,0.07,-0.16,,,,,,,,,,,
97,13.24,13.77,13.7,13.47,12.86,13.04,-0.53,-0.6,,,,,,,,,,,
98,13.1,13.24,13.77,13.7,13.47,12.86,-0.14,0.39,,,,,,,,,,,
99,13.39,13.1,13.24,13.77,13.7,13.47,0.29,0.43,,,,,,,,,,,
100,12.99,13.39,13.1,13.24,13.77,13.7,-0.4,-0.69,,,,,,,,,,,
101,13.19,12.99,13.39,13.1,13.24,13.77,0.2,0.6,,,,,,,,,,,
102,13.48,13.19,12.99,13.39,13.1,13.24,0.29,0.09,,,,,,,,,,,
103,13.86,13.48,13.19,12.99,13.39,13.1,0.38,0.09,,,,,,,,,,,
104,13.8,13.86,13.48,13.19,12.99,13.39,-0.06,-0.44,,,,,,,,,,,
105,13.5,13.8,13.86,13.48,13.19,12.99,-0.3,-0.24,,,,,,,,,,,
106,13.75,13.5,13.8,13.86,13.48,13.19,0.25,0.55,,,,,,,,,,,
107,13.54,13.75,13.5,13.8,13.86,13.48,-0.21,-0.46,,,,,,,,,,,
108,13.56,13.54,13.75,13.5,13.8,13.86,0.02,0.23,,,,,,,,,,,
109,13.57,13.56,13.54,13.75,13.5,13.8,0.01,-0.01,,,,,,,,,,,
110,13.4,13.57,13.56,13.54,13.75,13.5,-0.17,-0.18,,,,,,,,,,,
111,13.46,13.4,13.57,13.56,13.54,13.75,0.06,0.23,,,,,,,,,,,
112,13.51,13.46,13.4,13.57,13.56,13.54,0.05,-0.01,,,,,,,,,,,
113,13.15,13.51,13.46,13.4,13.57,13.56,-0.36,-0.41,,,,,,,,,,,
114,12.78,13.15,13.51,13.46,13.4,13.57,-0.37,-0.01,,,,,,,,,,,
115,12.25,12.78,13.15,13.51,13.46,13.4,-0.53,-0.16,,,,,,,,,,,
116,11.97,12.25,12.78,13.15,13.51,13.46,-0.28,0.25,,,,,,,,,,,
117,12.1,11.97,12.25,12.78,13.15,13.51,0.13,0.41,,,,,,,,,,,
118,11.52,12.1,11.97,12.25,12.78,13.15,-0.58,-0.71,,,,,,,,,,,
119,11.6,11.52,12.1,11.97,12.25,12.78,0.08,0.66,,,,,,,,,,,
120,11.7,11.6,11.52,12.1,11.97,12.25,0.1,0.02,,,,,,,,,,,
121,11.86,11.7,11.6,11.52,12.1,11.97,0.16,0.06,,,,,,,,,,,
122,11.75,11.86,11.7,11.6,11.52,12.1,-0.11,-0.27,,,,,,,,,,,
123,11.76,11.75,11.86,11.7,11.6,11.52,0.01,0.12,,,,,,,,,,,
124,11.72,11.76,11.75,11.86,11.7,11.6,-0.04,-0.05,,,,,,,,,,,
125,11.78,11.72,11.76,11.75,11.86,11.7,0.06,0.1,,,,,,,,,,,
126,11.46,11.78,11.72,11.76,11.75,11.86,-0.32,-0.38,,,,,,,,,,,
127,11.48,11.46,11.78,11.72,11.76,11.75,0.02,0.34,,,,,,,,,,,
128,11.01,11.48,11.46,11.78,11.72,11.76,-0.47,-0.49,,,,,,,,,,,
129,10.71,11.01,11.48,11.46,11.78,11.72,-0.3,0.17,,,,,,,,,,,
130,10.86,10.71,11.01,11.48,11.46,11.78,0.15,0.45,,,,,,,,,,,
131,10.78,10.86,10.71,11.01,11.48,11.46,-0.08,-0.23,,,,,,,,,,,
132,11.46,10.78,10.86,10.71,11.01,11.48,0.68,0.76,,,,,,,,,,,
133,11.64,11.46,10.78,10.86,10.71,11.01,0.18,-0.5,,,,,,,,,,,
134,12.24,11.64,11.46,10.78,10.86,10.71,0.6,0.42,,,,,,,,,,,
135,12.4,12.24,11.64,11.46,10.78,10.86,0.16,-0.44,,,,,,,,,,,
136,11.65,12.4,12.24,11.64,11.46,10.78,-0.75,-0.91,,,,,,,,,,,
137,11.67,11.65,12.4,12.24,11.64,11.46,0.02,0.77,,,,,,,,,,,
138,11.47,11.67,11.65,12.4,12.24,11.64,-0.2,-0.22,,,,,,,,,,,
139,11.63,11.47,11.67,11.65,12.4,12.24,0.16,0.36,,,,,,,,,,,
140,11.95,11.63,11.47,11.67,11.65,12.4,0.32,0.16,,,,,,,,,,,
141,12.03,11.95,11.63,11.47,11.67,11.65,0.08,-0.24,,,,,,,,,,,
142,12.32,12.03,11.95,11.63,11.47,11.67,0.29,0.21,,,,,,,,,,,
143,12.52,12.32,12.03,11.95,11.63,11.47,0.2,-0.09,,,,,,,,,,,
144,12.26,12.52,12.32,12.03,11.95,11.63,-0.26,-0.46,,,,,,,,,,,
145,13.11,12.26,12.52,12.32,12.03,11.95,0.85,1.11,,,,,,,,,,,
146,13.4,13.11,12.26,12.52,12.32,12.03,0.29,-0.56,,,,,,,,,,,
147,13.72,13.4,13.11,12.26,12.52,12.32,0.32,0.03,,,,,,,,,,,
148,13.82,13.72,13.4,13.11,12.26,12.52,0.1,-0.22,,,,,,,,,,,
149,13.99,13.82,13.72,13.4,13.11,12.26,0.17,0.07,,,,,,,,,,,
150,14.31,13.99,13.82,13.72,13.4,13.11,0.32,0.15,,,,,,,,,,,
151,14.7,14.31,13.99,13.82,13.72,13.4,0.39,0.07,,,,,,,,,,,
152,14.57,14.7,14.31,13.99,13.82,13.72,-0.13,-0.52,,,,,,,,,,,
153,13.99,14.57,14.7,14.31,13.99,13.82,-0.58,-0.45,,,,,,,,,,,
154,14.13,13.99,14.57,14.7,14.31,13.99,0.14,0.72,,,,,,,,,,,
155,14.1,14.13,13.99,14.57,14.7,14.31,-0.03,-0.17,,,,,,,,,,,
156,13.92,14.1,14.13,13.99,14.57,14.7,-0.18,-0.15,,,,,,,,,,,
157,13.36,13.92,14.1,14.13,13.99,14.57,-0.56,-0.38,,,,,,,,,,,
158,13.59,13.36,13.92,14.1,14.13,13.99,0.23,0.79,,,,,,,,,,,
159,13.53,13.59,13.36,13.92,14.1,14.13,-0.06,-0.29,,,,,,,,,,,
160,13.81,13.53,13.59,13.36,13.92,14.1,0.28,0.34,,,,,,,,,,,
161,14.21,13.81,13.53,13.59,13.36,13.92,0.4,0.12,,,,,,,,,,,
162,14.2,14.21,13.81,13.53,13.59,13.36,-0.01,-0.41,,,,,,,,,,,
163,14.3,14.2,14.21,13.81,13.53,13.59,0.1,0.11,,,,,,,,,,,
164,14.11,14.3,14.2,14.21,13.81,13.53,-0.19,-0.29,,,,,,,,,,,
165,14.19,14.11,14.3,14.2,14.21,13.81,0.08,0.27,,,,,,,,,,,
166,14.08,14.19,14.11,14.3,14.2,14.21,-0.11,-0.19,,,,,,,,,,,
167,13.9,14.08,14.19,14.11,14.3,14.2,-0.18,-0.07,,,,,,,,,,,
168,13.34,13.9,14.08,14.19,14.11,14.3,-0.56,-0.38,,,,,,,,,,,
169,13.2,13.34,13.9,14.08,14.19,14.11,-0.14,0.42,,,,,,,,,,,
170,13.45,13.2,13.34,13.9,14.08,14.19,0.25,0.39,,,,,,,,,,,
171,13.87,13.45,13.2,13.34,13.9,14.08,0.42,0.17,,,,,,,,,,,
172,14.5,13.87,13.45,13.2,13.34,13.9,0.63,0.21,,,,,,,,,,,
173,14.87,14.5,13.87,13.45,13.2,13.34,0.37,-0.26,,,,,,,,,,,
174,14.8,14.87,14.5,13.87,13.45,13.2,-0.07,-0.44,,,,,,,,,,,
175,14.67,14.8,14.87,14.5,13.87,13.45,-0.13,-0.06,,,,,,,,,,,
176,15.35,14.67,14.8,14.87,14.5,13.87,0.68,0.81,,,,,,,,,,,
177,16,15.35,14.67,14.8,14.87,14.5,0.65,-0.03,,,,,,,,,,,
178,17,16,15.35,14.67,14.8,14.87,1,0.35,,,,,,,,,,,
179,16.66,17,16,15.35,14.67,14.8,-0.34,-1.34,,,,,,,,,,,
180,16.5,16.66,17,16,15.35,14.67,-0.16,0.18,,,,,,,,,,,
181,16.76,16.5,16.66,17,16,15.35,0.26,0.42,,,,,,,,,,,
182,17.01,16.76,16.5,16.66,17,16,0.25,-0.01,,,,,,,,,,,
183,17,17.01,16.76,16.5,16.66,17,-0.01,-0.26,,,,,,,,,,,
184,16.58,17,17.01,16.76,16.5,16.66,-0.42,-0.41,,,,,,,,,,,
185,16.37,16.58,17,17.01,16.76,16.5,-0.21,0.21,,,,,,,,,,,
186,16.76,16.37,16.58,17,17.01,16.76,0.39,0.6,,,,,,,,,,,
187,16.71,16.76,16.37,16.58,17,17.01,-0.05,-0.44,,,,,,,,,,,
188,16.42,16.71,16.76,16.37,16.58,17,-0.29,-0.24,,,,,,,,,,,
189,15.97,16.42,16.71,16.76,16.37,16.58,-0.45,-0.16,,,,,,,,,,,
190,15.36,15.97,16.42,16.71,16.76,16.37,-0.61,-0.16,,,,,,,,,,,
191,15.83,15.36,15.97,16.42,16.71,16.76,0.47,1.08,,,,,,,,,,,
192,16.08,15.83,15.36,15.97,16.42,16.71,0.25,-0.22,,,,,,,,,,,
193,16.16,16.08,15.83,15.36,15.97,16.42,0.08,-0.17,,,,,,,,,,,
194,16.22,16.16,16.08,15.83,15.36,15.97,0.06,-0.02,,,,,,,,,,,
195,16.18,16.22,16.16,16.08,15.83,15.36,-0.04,-0.1,,,,,,,,,,,
196,16.33,16.18,16.22,16.16,16.08,15.83,0.15,0.19,,,,,,,,,,,
197,16.39,16.33,16.18,16.22,16.16,16.08,0.06,-0.09,,,,,,,,,,,
198,16.84,16.39,16.33,16.18,16.22,16.16,0.45,0.39,,,,,,,,,,,
199,16.79,16.84,16.39,16.33,16.18,16.22,-0.05,-0.5,,,,,,,,,,,
200,16.08,16.79,16.84,16.39,16.33,16.18,-0.71,-0.66,,,,,,,,,,,
201,15.84,16.08,16.79,16.84,16.39,16.33,-0.24,0.47,,,,,,,,,,,
202,15.58,15.84,16.08,16.79,16.84,16.39,-0.26,-0.02,,,,,,,,,,,
203,15.53,15.58,15.84,16.08,16.79,16.84,-0.05,0.21,,,,,,,,,,,
204,15.34,15.53,15.58,15.84,16.08,16.79,-0.19,-0.14,,,,,,,,,,,
205,15.2,15.34,15.53,15.58,15.84,16.08,-0.14,0.05,,,,,,,,,,,
206,15.01,15.2,15.34,15.53,15.58,15.84,-0.19,-0.05,,,,,,,,,,,
207,14.93,15.01,15.2,15.34,15.53,15.58,-0.08,0.11,,,,,,,,,,,
208,14.42,14.93,15.01,15.2,15.34,15.53,-0.51,-0.43,,,,,,,,,,,
209,14.87,14.42,14.93,15.01,15.2,15.34,0.45,0.96,,,,,,,,,,,
210,14.26,14.87,14.42,14.93,15.01,15.2,-0.61,-1.06,,,,,,,,,,,
211,14.47,14.26,14.87,14.42,14.93,15.01,0.21,0.82,,,,,,,,,,,
212,14.32,14.47,14.26,14.87,14.42,14.93,-0.15,-0.36,,,,,,,,,,,
213,14.19,14.32,14.47,14.26,14.87,14.42,-0.13,0.02,,,,,,,,,,,
214,14.43,14.19,14.32,14.47,14.26,14.87,0.24,0.37,,,,,,,,,,,
215,15.33,14.43,14.19,14.32,14.47,14.26,0.9,0.66,,,,,,,,,,,
216,15.85,15.33,14.43,14.19,14.32,14.47,0.52,-0.38,,,,,,,,,,,
217,15.78,15.85,15.33,14.43,14.19,14.32,-0.07,-0.59,,,,,,,,,,,
218,15.83,15.78,15.85,15.33,14.43,14.19,0.05,0.12,,,,,,,,,,,
219,15.75,15.83,15.78,15.85,15.33,14.43,-0.08,-0.13,,,,,,,,,,,
220,15.66,15.75,15.83,15.78,15.85,15.33,-0.09,-0.01,,,,,,,,,,,
221,16,15.66,15.75,15.83,15.78,15.85,0.34,0.43,,,,,,,,,,,
222,16.02,16,15.66,15.75,15.83,15.78,0.02,-0.32,,,,,,,,,,,
223,16.09,16.02,16,15.66,15.75,15.83,0.07,0.05,,,,,,,,,,,
224,15.76,16.09,16.02,16,15.66,15.75,-0.33,-0.4,,,,,,,,,,,
225,15.59,15.76,16.09,16.02,16,15.66,-0.17,0.16,,,,,,,,,,,
226,16.02,15.59,15.76,16.09,16.02,16,0.43,0.6,,,,,,,,,,,
227,16.12,16.02,15.59,15.76,16.09,16.02,0.1,-0.33,,,,,,,,,,,
228,16.18,16.12,16.02,15.59,15.76,16.09,0.06,-0.04,,,,,,,,,,,
229,15.94,16.18,16.12,16.02,15.59,15.76,-0.24,-0.3,,,,,,,,,,,
230,16.02,15.94,16.18,16.12,16.02,15.59,0.08,0.32,,,,,,,,,,,
231,16.17,16.02,15.94,16.18,16.12,16.02,0.15,0.07,,,,,,,,,,,
232,16.07,16.17,16.02,15.94,16.18,16.12,-0.1,-0.25,,,,,,,,,,,
233,16,16.07,16.17,16.02,15.94,16.18,-0.07,0.03,,,,,,,,,,,
234,16.2,16,16.07,16.17,16.02,15.94,0.2,0.27,,,,,,,,,,,
235,16.08,16.2,16,16.07,16.17,16.02,-0.12,-0.32,,,,,,,,,,,
236,15.72,16.08,16.2,16,16.07,16.17,-0.36,-0.24,,,,,,,,,,,
237,15.66,15.72,16.08,16.2,16,16.07,-0.06,0.3,,,,,,,,,,,
238,15.61,15.66,15.72,16.08,16.2,16,-0.05,0.01,,,,,,,,,,,
239,15.92,15.61,15.66,15.72,16.08,16.2,0.31,0.36,,,,,,,,,,,
240,15.95,15.92,15.61,15.66,15.72,16.08,0.03,-0.28,,,,,,,,,,,
241,15.75,15.95,15.92,15.61,15.66,15.72,-0.2,-0.23,,,,,,,,,,,
242,15.69,15.75,15.95,15.92,15.61,15.66,-0.06,0.14,,,,,,,,,,,
243,15.79,15.69,15.75,15.95,15.92,15.61,0.1,0.16,,,,,,,,,,,
244,15.59,15.79,15.69,15.75,15.95,15.92,-0.2,-0.3,,,,,,,,,,,
245,15.57,15.59,15.79,15.69,15.75,15.95,-0.02,0.18,,,,,,,,,,,
246,15.48,15.57,15.59,15.79,15.69,15.75,-0.09,-0.07,,,,,,,,,,,
247,15.41,15.48,15.57,15.59,15.79,15.69,-0.07,0.02,,,,,,,,,,,
248,15.44,15.41,15.48,15.57,15.59,15.79,0.03,0.1,,,,,,,,,,,
249,15.34,15.44,15.41,15.48,15.57,15.59,-0.1,-0.13,,,,,,,,,,,
250,15.44,15.34,15.44,15.41,15.48,15.57,0.1,0.2,,,,,,,,,,,
251,15.35,15.44,15.34,15.44,15.41,15.48,-0.09,-0.19,,,,,,,,,,,
252,15.13,15.35,15.44,15.34,15.44,15.41,-0.22,-0.13,,,,,,,,,,,
253,15.45,15.13,15.35,15.44,15.34,15.44,0.32,0.54,,,,,,,,,,,
254,15.53,15.45,15.13,15.35,15.44,15.34,0.08,-0.24,,,,,,,,,,,
255,15.45,15.53,15.45,15.13,15.35,15.44,-0.08,-0.16,,,,,,,,,,,
256,16.25,15.45,15.53,15.45,15.13,15.35,0.8,0.88,,,,,,,,,,,
257,16.6,16.25,15.45,15.53,15.45,15.13,0.35,-0.45,,,,,,,,,,,
258,16.76,16.6,16.25,15.45,15.53,15.45,0.16,-0.19,,,,,,,,,,,
259,16.77,16.76,16.6,16.25,15.45,15.53,0.01,-0.15,,,,,,,,,,,
260,16.83,16.77,16.76,16.6,16.25,15.45,0.06,0.05,,,,,,,,,,,
261,16.7,16.83,16.77,16.76,16.6,16.25,-0.13,-0.19,,,,,,,,,,,
262,16.44,16.7,16.83,16.77,16.76,16.6,-0.26,-0.13,,,,,,,,,,,
263,16.54,16.44,16.7,16.83,16.77,16.76,0.1,0.36,,,,,,,,,,,
264,16.5,16.54,16.44,16.7,16.83,16.77,-0.04,-0.14,,,,,,,,,,,
265,16.02,16.5,16.54,16.44,16.7,16.83,-0.48,-0.44,,,,,,,,,,,
266,16.11,16.02,16.5,16.54,16.44,16.7,0.09,0.57,,,,,,,,,,,
267,16.37,16.11,16.02,16.5,16.54,16.44,0.26,0.17,,,,,,,,,,,
268,16.35,16.37,16.11,16.02,16.5,16.54,-0.02,-0.28,,,,,,,,,,,
269,16.3,16.35,16.37,16.11,16.02,16.5,-0.05,-0.03,,,,,,,,,,,
270,16.16,16.3,16.35,16.37,16.11,16.02,-0.14,-0.09,,,,,,,,,,,
271,16.08,16.16,16.3,16.35,16.37,16.11,-0.08,0.06,,,,,,,,,,,
272,16.25,16.08,16.16,16.3,16.35,16.37,0.17,0.25,,,,,,,,,,,
273,16.85,16.25,16.08,16.16,16.3,16.35,0.6,0.43,,,,,,,,,,,
274,16.68,16.85,16.25,16.08,16.16,16.3,-0.17,-0.77,,,,,,,,,,,
275,16.04,16.68,16.85,16.25,16.08,16.16,-0.64,-0.47,,,,,,,,,,,
276,15.79,16.04,16.68,16.85,16.25,16.08,-0.25,0.39,,,,,,,,,,,
277,15.6,15.79,16.04,16.68,16.85,16.25,-0.19,0.06,,,,,,,,,,,
278,15.6,15.6,15.79,16.04,16.68,16.85,0,0.19,,,,,,,,,,,
279,15.69,15.6,15.6,15.79,16.04,16.68,0.09,0.09,,,,,,,,,,,
280,15.77,15.69,15.6,15.6,15.79,16.04,0.08,-0.01,,,,,,,,,,,
281,15.55,15.77,15.69,15.6,15.6,15.79,-0.22,-0.3,,,,,,,,,,,
282,16.04,15.55,15.77,15.69,15.6,15.6,0.49,0.71,,,,,,,,,,,
283,16.15,16.04,15.55,15.77,15.69,15.6,0.11,-0.38,,,,,,,,,,,
284,16.24,16.15,16.04,15.55,15.77,15.69,0.09,-0.02,,,,,,,,,,,
285,16.17,16.24,16.15,16.04,15.55,15.77,-0.07,-0.16,,,,,,,,,,,
286,16.25,16.17,16.24,16.15,16.04,15.55,0.08,0.15,,,,,,,,,,,
287,15.95,16.25,16.17,16.24,16.15,16.04,-0.3,-0.38,,,,,,,,,,,
288,16.12,15.95,16.25,16.17,16.24,16.15,0.17,0.47,,,,,,,,,,,
289,15.92,16.12,15.95,16.25,16.17,16.24,-0.2,-0.37,,,,,,,,,,,
290,16.06,15.92,16.12,15.95,16.25,16.17,0.14,0.34,,,,,,,,,,,
291,15.9,16.06,15.92,16.12,15.95,16.25,-0.16,-0.3,,,,,,,,,,,
292,15.9,15.9,16.06,15.92,16.12,15.95,0,0.16,,,,,,,,,,,
293,16.03,15.9,15.9,16.06,15.92,16.12,0.13,0.13,,,,,,,,,,,
294,16.11,16.03,15.9,15.9,16.06,15.92,0.08,-0.05,,,,,,,,,,,
295,16.35,16.11,16.03,15.9,15.9,16.06,0.24,0.16,,,,,,,,,,,
296,16.27,16.35,16.11,16.03,15.9,15.9,-0.08,-0.32,,,,,,,,,,,
297,16.49,16.27,16.35,16.11,16.03,15.9,0.22,0.3,,,,,,,,,,,
298,16.51,16.49,16.27,16.35,16.11,16.03,0.02,-0.2,,,,,,,,,,,
299,16.48,16.51,16.49,16.27,16.35,16.11,-0.03,-0.05,,,,,,,,,,,
300,17.04,16.48,16.51,16.49,16.27,16.35,0.56,0.59,,,,,,,,,,,
301,17.29,17.04,16.48,16.51,16.49,16.27,0.25,-0.31,,,,,,,,,,,
302,18.07,17.29,17.04,16.48,16.51,16.49,0.78,0.53,,,,,,,,,,,
303,18.04,18.07,17.29,17.04,16.48,16.51,-0.03,-0.81,,,,,,,,,,,
304,18.19,18.04,18.07,17.29,17.04,16.48,0.15,0.18,,,,,,,,,,,
305,18.07,18.19,18.04,18.07,17.29,17.04,-0.12,-0.27,,,,,,,,,,,
306,18.07,18.07,18.19,18.04,18.07,17.29,0,0.12,,,,,,,,,,,
307,18.33,18.07,18.07,18.19,18.04,18.07,0.26,0.26,,,,,,,,,,,
308,18.45,18.33,18.07,18.07,18.19,18.04,0.12,-0.14,,,,,,,,,,,
309,18.3,18.45,18.33,18.07,18.07,18.19,-0.15,-0.27,,,,,,,,,,,
310,18.34,18.3,18.45,18.33,18.07,18.07,0.04,0.19,,,,,,,,,,,
311,18.4,18.34,18.3,18.45,18.33,18.07,0.06,0.02,,,,,,,,,,,
312,18.3,18.4,18.34,18.3,18.45,18.33,-0.1,-0.16,,,,,,,,,,,
313,18.2,18.3,18.4,18.34,18.3,18.45,-0.1,-3.55E-15,,,,,,,,,,,
314,18.33,18.2,18.3,18.4,18.34,18.3,0.13,0.23,,,,,,,,,,,
315,18.53,18.33,18.2,18.3,18.4,18.34,0.2,0.07,,,,,,,,,,,
316,18.6,18.53,18.33,18.2,18.3,18.4,0.07,-0.13,,,,,,,,,,,
317,18.5,18.6,18.53,18.33,18.2,18.3,-0.1,-0.17,,,,,,,,,,,
318,18.56,18.5,18.6,18.53,18.33,18.2,0.06,0.16,,,,,,,,,,,
319,18.52,18.56,18.5,18.6,18.53,18.33,-0.04,-0.1,,,,,,,,,,,
320,18.71,18.52,18.56,18.5,18.6,18.53,0.19,0.23,,,,,,,,,,,
321,18.95,18.71,18.52,18.56,18.5,18.6,0.24,0.05,,,,,,,,,,,
322,19.35,18.95,18.71,18.52,18.56,18.5,0.4,0.16,,,,,,,,,,,
323,19.5,19.35,18.95,18.71,18.52,18.56,0.15,-0.25,,,,,,,,,,,
324,18.97,19.5,19.35,18.95,18.71,18.52,-0.53,-0.68,,,,,,,,,,,
325,18.94,18.97,19.5,19.35,18.95,18.71,-0.03,0.5,,,,,,,,,,,
326,19,18.94,18.97,19.5,19.35,18.95,0.06,0.09,,,,,,,,,,,
327,19.03,19,18.94,18.97,19.5,19.35,0.03,-0.03,,,,,,,,,,,
328,18.95,19.03,19,18.94,18.97,19.5,-0.08,-0.11,,,,,,,,,,,
329,19.07,18.95,19.03,19,18.94,18.97,0.12,0.2,,,,,,,,,,,
330,19.3,19.07,18.95,19.03,19,18.94,0.23,0.11,,,,,,,,,,,
331,18.7,19.3,19.07,18.95,19.03,19,-0.6,-0.83,,,,,,,,,,,
332,18.95,18.7,19.3,19.07,18.95,19.03,0.25,0.85,,,,,,,,,,,
333,19.49,18.95,18.7,19.3,19.07,18.95,0.54,0.29,,,,,,,,,,,
334,18.86,19.49,18.95,18.7,19.3,19.07,-0.63,-1.17,,,,,,,,,,,
335,19.26,18.86,19.49,18.95,18.7,19.3,0.4,1.03,,,,,,,,,,,
336,18.58,19.26,18.86,19.49,18.95,18.7,-0.68,-1.08,,,,,,,,,,,
337,18.1,18.58,19.26,18.86,19.49,18.95,-0.48,0.2,,,,,,,,,,,
338,17.31,18.1,18.58,19.26,18.86,19.49,-0.79,-0.31,,,,,,,,,,,
339,16.88,17.31,18.1,18.58,19.26,18.86,-0.43,0.36,,,,,,,,,,,
340,18.04,16.88,17.31,18.1,18.58,19.26,1.16,1.59,,,,,,,,,,,
341,18,18.04,16.88,17.31,18.1,18.58,-0.04,-1.2,,,,,,,,,,,
342,18.44,18,18.04,16.88,17.31,18.1,0.44,0.48,,,,,,,,,,,
343,18.05,18.44,18,18.04,16.88,17.31,-0.39,-0.83,,,,,,,,,,,
344,17.64,18.05,18.44,18,18.04,16.88,-0.41,-0.02,,,,,,,,,,,
345,17.56,17.64,18.05,18.44,18,18.04,-0.08,0.33,,,,,,,,,,,
346,17.23,17.56,17.64,18.05,18.44,18,-0.33,-0.25,,,,,,,,,,,
347,17.26,17.23,17.56,17.64,18.05,18.44,0.03,0.36,,,,,,,,,,,
348,16.26,17.26,17.23,17.56,17.64,18.05,-1,-1.03,,,,,,,,,,,
349,16.42,16.26,17.26,17.23,17.56,17.64,0.16,1.16,,,,,,,,,,,
350,16.01,16.42,16.26,17.26,17.23,17.56,-0.41,-0.57,,,,,,,,,,,
351,15.95,16.01,16.42,16.26,17.26,17.23,-0.06,0.35,,,,,,,,,,,
352,16.01,15.95,16.01,16.42,16.26,17.26,0.06,0.12,,,,,,,,,,,
353,16.66,16.01,15.95,16.01,16.42,16.26,0.65,0.59,,,,,,,,,,,
354,16.35,16.66,16.01,15.95,16.01,16.42,-0.31,-0.96,,,,,,,,,,,
355,15.98,16.35,16.66,16.01,15.95,16.01,-0.37,-0.06,,,,,,,,,,,
356,16.35,15.98,16.35,16.66,16.01,15.95,0.37,0.74,,,,,,,,,,,
357,16.45,16.35,15.98,16.35,16.66,16.01,0.1,-0.27,,,,,,,,,,,
358,15.71,16.45,16.35,15.98,16.35,16.66,-0.74,-0.84,,,,,,,,,,,
359,15.41,15.71,16.45,16.35,15.98,16.35,-0.3,0.44,,,,,,,,,,,
360,15.48,15.41,15.71,16.45,16.35,15.98,0.07,0.37,,,,,,,,,,,
361,15.32,15.48,15.41,15.71,16.45,16.35,-0.16,-0.23,,,,,,,,,,,
362,15.68,15.32,15.48,15.41,15.71,16.45,0.36,0.52,,,,,,,,,,,
363,15.56,15.68,15.32,15.48,15.41,15.71,-0.12,-0.48,,,,,,,,,,,
364,15.39,15.56,15.68,15.32,15.48,15.41,-0.17,-0.05,,,,,,,,,,,
365,15.79,15.39,15.56,15.68,15.32,15.48,0.4,0.57,,,,,,,,,,,
366,15.85,15.79,15.39,15.56,15.68,15.32,0.06,-0.34,,,,,,,,,,,
367,15.91,15.85,15.79,15.39,15.56,15.68,0.06,0,,,,,,,,,,,
368,15.95,15.91,15.85,15.79,15.39,15.56,0.04,-0.02,,,,,,,,,,,
369,16.1,15.95,15.91,15.85,15.79,15.39,0.15,0.11,,,,,,,,,,,
370,15.79,16.1,15.95,15.91,15.85,15.79,-0.31,-0.46,,,,,,,,,,,
371,15.39,15.79,16.1,15.95,15.91,15.85,-0.4,-0.09,,,,,,,,,,,
372,15.08,15.39,15.79,16.1,15.95,15.91,-0.31,0.09,,,,,,,,,,,
373,14.91,15.08,15.39,15.79,16.1,15.95,-0.17,0.14,,,,,,,,,,,
374,15,14.91,15.08,15.39,15.79,16.1,0.09,0.26,,,,,,,,,,,
375,14.48,15,14.91,15.08,15.39,15.79,-0.52,-0.61,,,,,,,,,,,
376,14.42,14.48,15,14.91,15.08,15.39,-0.06,0.46,,,,,,,,,,,
377,14.12,14.42,14.48,15,14.91,15.08,-0.3,-0.24,,,,,,,,,,,
378,13.88,14.12,14.42,14.48,15,14.91,-0.24,0.06,,,,,,,,,,,
379,13.97,13.88,14.12,14.42,14.48,15,0.09,0.33,,,,,,,,,,,
380,14.62,13.97,13.88,14.12,14.42,14.48,0.65,0.56,,,,,,,,,,,
381,14.83,14.62,13.97,13.88,14.12,14.42,0.21,-0.44,,,,,,,,,,,
382,14.95,14.83,14.62,13.97,13.88,14.12,0.12,-0.09,,,,,,,,,,,
383,14.93,14.95,14.83,14.62,13.97,13.88,-0.02,-0.14,,,,,,,,,,,
384,15.21,14.93,14.95,14.83,14.62,13.97,0.28,0.3,,,,,,,,,,,
385,15.2,15.21,14.93,14.95,14.83,14.62,-0.01,-0.29,,,,,,,,,,,
386,15.25,15.2,15.21,14.93,14.95,14.83,0.05,0.06,,,,,,,,,,,
387,14.55,15.25,15.2,15.21,14.93,14.95,-0.7,-0.75,,,,,,,,,,,
388,14.62,14.55,15.25,15.2,15.21,14.93,0.07,0.77,,,,,,,,,,,
389,14.94,14.62,14.55,15.25,15.2,15.21,0.32,0.25,,,,,,,,,,,
390,14.84,14.94,14.62,14.55,15.25,15.2,-0.1,-0.42,,,,,,,,,,,
391,15.21,14.84,14.94,14.62,14.55,15.25,0.37,0.47,,,,,,,,,,,
392,15.71,15.21,14.84,14.94,14.62,14.55,0.5,0.13,,,,,,,,,,,
393,16.14,15.71,15.21,14.84,14.94,14.62,0.43,-0.07,,,,,,,,,,,
394,16.18,16.14,15.71,15.21,14.84,14.94,0.04,-0.39,,,,,,,,,,,
395,16.05,16.18,16.14,15.71,15.21,14.84,-0.13,-0.17,,,,,,,,,,,
396,16.15,16.05,16.18,16.14,15.71,15.21,0.1,0.23,,,,,,,,,,,
397,16.12,16.15,16.05,16.18,16.14,15.71,-0.03,-0.13,,,,,,,,,,,
398,16.41,16.12,16.15,16.05,16.18,16.14,0.29,0.32,,,,,,,,,,,
399,16.4,16.41,16.12,16.15,16.05,16.18,-0.01,-0.3,,,,,,,,,,,
400,16.48,16.4,16.41,16.12,16.15,16.05,0.08,0.09,,,,,,,,,,,
401,16.52,16.48,16.4,16.41,16.12,16.15,0.04,-0.04,,,,,,,,,,,
402,16.45,16.52,16.48,16.4,16.41,16.12,-0.07,-0.11,,,,,,,,,,,
403,16.38,16.45,16.52,16.48,16.4,16.41,-0.07,0,,,,,,,,,,,
404,16.25,16.38,16.45,16.52,16.48,16.4,-0.13,-0.06,,,,,,,,,,,
405,15.7,16.25,16.38,16.45,16.52,16.48,-0.55,-0.42,,,,,,,,,,,
406,15.5,15.7,16.25,16.38,16.45,16.52,-0.2,0.35,,,,,,,,,,,
407,15.38,15.5,15.7,16.25,16.38,16.45,-0.12,0.08,,,,,,,,,,,
408,15.46,15.38,15.5,15.7,16.25,16.38,0.08,0.2,,,,,,,,,,,
409,15.58,15.46,15.38,15.5,15.7,16.25,0.12,0.04,,,,,,,,,,,
410,15.7,15.58,15.46,15.38,15.5,15.7,0.12,0,,,,,,,,,,,
411,15.25,15.7,15.58,15.46,15.38,15.5,-0.45,-0.57,,,,,,,,,,,
412,15.03,15.25,15.7,15.58,15.46,15.38,-0.22,0.23,,,,,,,,,,,
413,14.89,15.03,15.25,15.7,15.58,15.46,-0.14,0.08,,,,,,,,,,,
414,14.57,14.89,15.03,15.25,15.7,15.58,-0.32,-0.18,,,,,,,,,,,
415,14.57,14.57,14.89,15.03,15.25,15.7,0,0.32,,,,,,,,,,,
416,14.5,14.57,14.57,14.89,15.03,15.25,-0.07,-0.07,,,,,,,,,,,
417,14.71,14.5,14.57,14.57,14.89,15.03,0.21,0.28,,,,,,,,,,,
418,14.52,14.71,14.5,14.57,14.57,14.89,-0.19,-0.4,,,,,,,,,,,
419,14.48,14.52,14.71,14.5,14.57,14.57,-0.04,0.15,,,,,,,,,,,
420,15.01,14.48,14.52,14.71,14.5,14.57,0.53,0.57,,,,,,,,,,,
421,15.15,15.01,14.48,14.52,14.71,14.5,0.14,-0.39,,,,,,,,,,,
422,15.39,15.15,15.01,14.48,14.52,14.71,0.24,0.1,,,,,,,,,,,
423,15.44,15.39,15.15,15.01,14.48,14.52,0.05,-0.19,,,,,,,,,,,
424,15.7,15.44,15.39,15.15,15.01,14.48,0.26,0.21,,,,,,,,,,,
425,15.91,15.7,15.44,15.39,15.15,15.01,0.21,-0.05,,,,,,,,,,,
426,15.98,15.91,15.7,15.44,15.39,15.15,0.07,-0.14,,,,,,,,,,,
427,16.25,15.98,15.91,15.7,15.44,15.39,0.27,0.2,,,,,,,,,,,
428,16.16,16.25,15.98,15.91,15.7,15.44,-0.09,-0.36,,,,,,,,,,,
429,16.34,16.16,16.25,15.98,15.91,15.7,0.18,0.27,,,,,,,,,,,
430,16.23,16.34,16.16,16.25,15.98,15.91,-0.11,-0.29,,,,,,,,,,,
431,16.29,16.23,16.34,16.16,16.25,15.98,0.06,0.17,,,,,,,,,,,
432,16.55,16.29,16.23,16.34,16.16,16.25,0.26,0.2,,,,,,,,,,,
433,16.52,16.55,16.29,16.23,16.34,16.16,-0.03,-0.29,,,,,,,,,,,
434,16.5,16.52,16.55,16.29,16.23,16.34,-0.02,0.01,,,,,,,,,,,
435,16.14,16.5,16.52,16.55,16.29,16.23,-0.36,-0.34,,,,,,,,,,,
436,16.66,16.14,16.5,16.52,16.55,16.29,0.52,0.88,,,,,,,,,,,
437,16.43,16.66,16.14,16.5,16.52,16.55,-0.23,-0.75,,,,,,,,,,,
438,16.44,16.43,16.66,16.14,16.5,16.52,0.01,0.24,,,,,,,,,,,
439,16.36,16.44,16.43,16.66,16.14,16.5,-0.08,-0.09,,,,,,,,,,,
440,16.25,16.36,16.44,16.43,16.66,16.14,-0.11,-0.03,,,,,,,,,,,
441,16.36,16.25,16.36,16.44,16.43,16.66,0.11,0.22,,,,,,,,,,,
442,16.1,16.36,16.25,16.36,16.44,16.43,-0.26,-0.37,,,,,,,,,,,
443,16.51,16.1,16.36,16.25,16.36,16.44,0.41,0.67,,,,,,,,,,,
444,16.9,16.51,16.1,16.36,16.25,16.36,0.39,-0.02,,,,,,,,,,,
445,17.05,16.9,16.51,16.1,16.36,16.25,0.15,-0.24,,,,,,,,,,,
446,17.12,17.05,16.9,16.51,16.1,16.36,0.07,-0.08,,,,,,,,,,,
447,16.96,17.12,17.05,16.9,16.51,16.1,-0.16,-0.23,,,,,,,,,,,
448,17.19,16.96,17.12,17.05,16.9,16.51,0.23,0.39,,,,,,,,,,,
449,17.28,17.19,16.96,17.12,17.05,16.9,0.09,-0.14,,,,,,,,,,,
450,17.16,17.28,17.19,16.96,17.12,17.05,-0.12,-0.21,,,,,,,,,,,
451,16.3,17.16,17.28,17.19,16.96,17.12,-0.86,-0.74,,,,,,,,,,,
452,16.25,16.3,17.16,17.28,17.19,16.96,-0.05,0.81,,,,,,,,,,,
453,16.07,16.25,16.3,17.16,17.28,17.19,-0.18,-0.13,,,,,,,,,,,
454,16.05,16.07,16.25,16.3,17.16,17.28,-0.02,0.16,,,,,,,,,,,
455,16.1,16.05,16.07,16.25,16.3,17.16,0.05,0.07,,,,,,,,,,,
456,16.06,16.1,16.05,16.07,16.25,16.3,-0.04,-0.09,,,,,,,,,,,
457,16.06,16.06,16.1,16.05,16.07,16.25,0,0.04,,,,,,,,,,,
458,16.16,16.06,16.06,16.1,16.05,16.07,0.1,0.1,,,,,,,,,,,
459,16.11,16.16,16.06,16.06,16.1,16.05,-0.05,-0.15,,,,,,,,,,,
460,16.08,16.11,16.16,16.06,16.06,16.1,-0.03,0.02,,,,,,,,,,,
461,16.02,16.08,16.11,16.16,16.06,16.06,-0.06,-0.03,,,,,,,,,,,
462,15.95,16.02,16.08,16.11,16.16,16.06,-0.07,-0.01,,,,,,,,,,,
463,15.94,15.95,16.02,16.08,16.11,16.16,-0.01,0.06,,,,,,,,,,,
464,16.06,15.94,15.95,16.02,16.08,16.11,0.12,0.13,,,,,,,,,,,
465,16.51,16.06,15.94,15.95,16.02,16.08,0.45,0.33,,,,,,,,,,,
466,16.73,16.51,16.06,15.94,15.95,16.02,0.22,-0.23,,,,,,,,,,,
467,16.71,16.73,16.51,16.06,15.94,15.95,-0.02,-0.24,,,,,,,,,,,
468,16.62,16.71,16.73,16.51,16.06,15.94,-0.09,-0.07,,,,,,,,,,,
469,16.55,16.62,16.71,16.73,16.51,16.06,-0.07,0.02,,,,,,,,,,,
470,16.35,16.55,16.62,16.71,16.73,16.51,-0.2,-0.13,,,,,,,,,,,
471,16.25,16.35,16.55,16.62,16.71,16.73,-0.1,0.1,,,,,,,,,,,
472,16.2,16.25,16.35,16.55,16.62,16.71,-0.05,0.05,,,,,,,,,,,
473,15.86,16.2,16.25,16.35,16.55,16.62,-0.34,-0.29,,,,,,,,,,,
474,15.81,15.86,16.2,16.25,16.35,16.55,-0.05,0.29,,,,,,,,,,,
475,16.04,15.81,15.86,16.2,16.25,16.35,0.23,0.28,,,,,,,,,,,
476,16.22,16.04,15.81,15.86,16.2,16.25,0.18,-0.05,,,,,,,,,,,
477,16.03,16.22,16.04,15.81,15.86,16.2,-0.19,-0.37,,,,,,,,,,,
478,15.76,16.03,16.22,16.04,15.81,15.86,-0.27,-0.08,,,,,,,,,,,
479,15.94,15.76,16.03,16.22,16.04,15.81,0.18,0.45,,,,,,,,,,,
480,15.8,15.94,15.76,16.03,16.22,16.04,-0.14,-0.32,,,,,,,,,,,
481,15.97,15.8,15.94,15.76,16.03,16.22,0.17,0.31,,,,,,,,,,,
482,15.83,15.97,15.8,15.94,15.76,16.03,-0.14,-0.31,,,,,,,,,,,
483,16.3,15.83,15.97,15.8,15.94,15.76,0.47,0.61,,,,,,,,,,,
484,16.68,16.3,15.83,15.97,15.8,15.94,0.38,-0.09,,,,,,,,,,,
485,16.78,16.68,16.3,15.83,15.97,15.8,0.1,-0.28,,,,,,,,,,,
486,16.7,16.78,16.68,16.3,15.83,15.97,-0.08,-0.18,,,,,,,,,,,
487,17.03,16.7,16.78,16.68,16.3,15.83,0.33,0.41,,,,,,,,,,,
488,17.04,17.03,16.7,16.78,16.68,16.3,0.01,-0.32,,,,,,,,,,,
489,17.13,17.04,17.03,16.7,16.78,16.68,0.09,0.08,,,,,,,,,,,
490,17.72,17.13,17.04,17.03,16.7,16.78,0.59,0.5,,,,,,,,,,,
491,17.62,17.72,17.13,17.04,17.03,16.7,-0.1,-0.69,,,,,,,,,,,
492,17.69,17.62,17.72,17.13,17.04,17.03,0.07,0.17,,,,,,,,,,,
493,17.49,17.69,17.62,17.72,17.13,17.04,-0.2,-0.27,,,,,,,,,,,
494,17.77,17.49,17.69,17.62,17.72,17.13,0.28,0.48,,,,,,,,,,,
495,17.7,17.77,17.49,17.69,17.62,17.72,-0.07,-0.35,,,,,,,,,,,
496,17.7,17.7,17.77,17.49,17.69,17.62,0,0.07,,,,,,,,,,,
497,17.9,17.7,17.7,17.77,17.49,17.69,0.2,0.2,,,,,,,,,,,
498,18.06,17.9,17.7,17.7,17.77,17.49,0.16,-0.04,,,,,,,,,,,
499,18.04,18.06,17.9,17.7,17.7,17.77,-0.02,-0.18,,,,,,,,,,,
500,18.19,18.04,18.06,17.9,17.7,17.7,0.15,0.17,,,,,,,,,,,
501,18.32,18.19,18.04,18.06,17.9,17.7,0.13,-0.02,,,,,,,,,,,
502,18.27,18.32,18.19,18.04,18.06,17.9,-0.05,-0.18,,,,,,,,,,,
503,18.19,18.27,18.32,18.19,18.04,18.06,-0.08,-0.03,,,,,,,,,,,
504,18.29,18.19,18.27,18.32,18.19,18.04,0.1,0.18,,,,,,,,,,,
505,18.28,18.29,18.19,18.27,18.32,18.19,-0.01,-0.11,,,,,,,,,,,
506,18.61,18.28,18.29,18.19,18.27,18.32,0.33,0.34,,,,,,,,,,,
507,18.64,18.61,18.28,18.29,18.19,18.27,0.03,-0.3,,,,,,,,,,,
508,18.56,18.64,18.61,18.28,18.29,18.19,-0.08,-0.11,,,,,,,,,,,
509,18.43,18.56,18.64,18.61,18.28,18.29,-0.13,-0.05,,,,,,,,,,,
510,18.51,18.43,18.56,18.64,18.61,18.28,0.08,0.21,,,,,,,,,,,
511,18.63,18.51,18.43,18.56,18.64,18.61,0.12,0.04,,,,,,,,,,,
512,18.67,18.63,18.51,18.43,18.56,18.64,0.04,-0.08,,,,,,,,,,,
513,18.6,18.67,18.63,18.51,18.43,18.56,-0.07,-0.11,,,,,,,,,,,
514,18.82,18.6,18.67,18.63,18.51,18.43,0.22,0.29,,,,,,,,,,,
515,18.6,18.82,18.6,18.67,18.63,18.51,-0.22,-0.44,,,,,,,,,,,
516,18.33,18.6,18.82,18.6,18.67,18.63,-0.27,-0.05,,,,,,,,,,,
517,18.43,18.33,18.6,18.82,18.6,18.67,0.1,0.37,,,,,,,,,,,
518,19.74,18.43,18.33,18.6,18.82,18.6,1.31,1.21,,,,,,,,,,,
519,20.04,19.74,18.43,18.33,18.6,18.82,0.3,-1.01,,,,,,,,,,,
520,19.98,20.04,19.74,18.43,18.33,18.6,-0.06,-0.36,,,,,,,,,,,
521,19.92,19.98,20.04,19.74,18.43,18.33,-0.06,0,,,,,,,,,,,
522,20.28,19.92,19.98,20.04,19.74,18.43,0.36,0.42,,,,,,,,,,,
523,20.2,20.28,19.92,19.98,20.04,19.74,-0.08,-0.44,,,,,,,,,,,
524,20.14,20.2,20.28,19.92,19.98,20.04,-0.06,0.02,,,,,,,,,,,
525,20.8,20.14,20.2,20.28,19.92,19.98,0.66,0.72,,,,,,,,,,,
526,20.71,20.8,20.14,20.2,20.28,19.92,-0.09,-0.75,,,,,,,,,,,
527,20.75,20.71,20.8,20.14,20.2,20.28,0.04,0.13,,,,,,,,,,,
528,20.56,20.75,20.71,20.8,20.14,20.2,-0.19,-0.23,,,,,,,,,,,
529,20.87,20.56,20.75,20.71,20.8,20.14,0.31,0.5,,,,,,,,,,,
530,21.28,20.87,20.56,20.75,20.71,20.8,0.41,0.1,,,,,,,,,,,
531,21.31,21.28,20.87,20.56,20.75,20.71,0.03,-0.38,,,,,,,,,,,
532,21.27,21.31,21.28,20.87,20.56,20.75,-0.04,-0.07,,,,,,,,,,,
533,21.33,21.27,21.31,21.28,20.87,20.56,0.06,0.1,,,,,,,,,,,
534,21.5,21.33,21.27,21.31,21.28,20.87,0.17,0.11,,,,,,,,,,,
535,21.46,21.5,21.33,21.27,21.31,21.28,-0.04,-0.21,,,,,,,,,,,
536,21.44,21.46,21.5,21.33,21.27,21.31,-0.02,0.02,,,,,,,,,,,
537,21.52,21.44,21.46,21.5,21.33,21.27,0.08,0.1,,,,,,,,,,,
538,21.44,21.52,21.44,21.46,21.5,21.33,-0.08,-0.16,,,,,,,,,,,
539,20.82,21.44,21.52,21.44,21.46,21.5,-0.62,-0.54,,,,,,,,,,,
540,20.37,20.82,21.44,21.52,21.44,21.46,-0.45,0.17,,,,,,,,,,,
541,20.58,20.37,20.82,21.44,21.52,21.44,0.21,0.66,,,,,,,,,,,
542,20.82,20.58,20.37,20.82,21.44,21.52,0.24,0.03,,,,,,,,,,,
543,20.92,20.82,20.58,20.37,20.82,21.44,0.1,-0.14,,,,,,,,,,,
544,20.25,20.92,20.82,20.58,20.37,20.82,-0.67,-0.77,,,,,,,,,,,
545,20.32,20.25,20.92,20.82,20.58,20.37,0.07,0.74,,,,,,,,,,,
546,20.75,20.32,20.25,20.92,20.82,20.58,0.43,0.36,,,,,,,,,,,
547,20.37,20.75,20.32,20.25,20.92,20.82,-0.38,-0.81,,,,,,,,,,,
548,20.38,20.37,20.75,20.32,20.25,20.92,0.01,0.39,,,,,,,,,,,
549,20.63,20.38,20.37,20.75,20.32,20.25,0.25,0.24,,,,,,,,,,,
550,20.63,20.63,20.38,20.37,20.75,20.32,0,-0.25,,,,,,,,,,,
551,20.1,20.63,20.63,20.38,20.37,20.75,-0.53,-0.53,,,,,,,,,,,
552,20.36,20.1,20.63,20.63,20.38,20.37,0.26,0.79,,,,,,,,,,,
553,19.92,20.36,20.1,20.63,20.63,20.38,-0.44,-0.7,,,,,,,,,,,
554,19.61,19.92,20.36,20.1,20.63,20.63,-0.31,0.13,,,,,,,,,,,
555,18.95,19.61,19.92,20.36,20.1,20.63,-0.66,-0.35,,,,,,,,,,,
556,19.22,18.95,19.61,19.92,20.36,20.1,0.27,0.93,,,,,,,,,,,
557,19.25,19.22,18.95,19.61,19.92,20.36,0.03,-0.24,,,,,,,,,,,
558,19.72,19.25,19.22,18.95,19.61,19.92,0.47,0.44,,,,,,,,,,,
559,19.49,19.72,19.25,19.22,18.95,19.61,-0.23,-0.7,,,,,,,,,,,
560,19.53,19.49,19.72,19.25,19.22,18.95,0.04,0.27,,,,,,,,,,,
561,19.78,19.53,19.49,19.72,19.25,19.22,0.25,0.21,,,,,,,,,,,
562,19.75,19.78,19.53,19.49,19.72,19.25,-0.03,-0.28,,,,,,,,,,,
563,19.75,19.75,19.78,19.53,19.49,19.72,0,0.03,,,,,,,,,,,
564,19.86,19.75,19.75,19.78,19.53,19.49,0.11,0.11,,,,,,,,,,,
565,20.11,19.86,19.75,19.75,19.78,19.53,0.25,0.14,,,,,,,,,,,
566,20.05,20.11,19.86,19.75,19.75,19.78,-0.06,-0.31,,,,,,,,,,,
567,20.34,20.05,20.11,19.86,19.75,19.75,0.29,0.35,,,,,,,,,,,
568,20.53,20.34,20.05,20.11,19.86,19.75,0.19,-0.1,,,,,,,,,,,
569,20.33,20.53,20.34,20.05,20.11,19.86,-0.2,-0.39,,,,,,,,,,,
570,20.55,20.33,20.53,20.34,20.05,20.11,0.22,0.42,,,,,,,,,,,
571,20.35,20.55,20.33,20.53,20.34,20.05,-0.2,-0.42,,,,,,,,,,,
572,20.19,20.35,20.55,20.33,20.53,20.34,-0.16,0.04,,,,,,,,,,,
573,20.18,20.19,20.35,20.55,20.33,20.53,-0.01,0.15,,,,,,,,,,,
574,20.01,20.18,20.19,20.35,20.55,20.33,-0.17,-0.16,,,,,,,,,,,
575,19.94,20.01,20.18,20.19,20.35,20.55,-0.07,0.1,,,,,,,,,,,
576,20,19.94,20.01,20.18,20.19,20.35,0.06,0.13,,,,,,,,,,,
577,20.04,20,19.94,20.01,20.18,20.19,0.04,-0.02,,,,,,,,,,,
578,19.98,20.04,20,19.94,20.01,20.18,-0.06,-0.1,,,,,,,,,,,
579,20.27,19.98,20.04,20,19.94,20.01,0.29,0.35,,,,,,,,,,,
580,20.4,20.27,19.98,20.04,20,19.94,0.13,-0.16,,,,,,,,,,,
581,19.95,20.4,20.27,19.98,20.04,20,-0.45,-0.58,,,,,,,,,,,
582,19.89,19.95,20.4,20.27,19.98,20.04,-0.06,0.39,,,,,,,,,,,
583,20.1,19.89,19.95,20.4,20.27,19.98,0.21,0.27,,,,,,,,,,,
584,20.65,20.1,19.89,19.95,20.4,20.27,0.55,0.34,,,,,,,,,,,
585,20.6,20.65,20.1,19.89,19.95,20.4,-0.05,-0.6,,,,,,,,,,,
586,20.45,20.6,20.65,20.1,19.89,19.95,-0.15,-0.1,,,,,,,,,,,
587,20.48,20.45,20.6,20.65,20.1,19.89,0.03,0.18,,,,,,,,,,,
588,20.64,20.48,20.45,20.6,20.65,20.1,0.16,0.13,,,,,,,,,,,
589,20.27,20.64,20.48,20.45,20.6,20.65,-0.37,-0.53,,,,,,,,,,,
590,19.9,20.27,20.64,20.48,20.45,20.6,-0.37,0,,,,,,,,,,,
591,20.01,19.9,20.27,20.64,20.48,20.45,0.11,0.48,,,,,,,,,,,
592,20.07,20.01,19.9,20.27,20.64,20.48,0.06,-0.05,,,,,,,,,,,
593,20.3,20.07,20.01,19.9,20.27,20.64,0.23,0.17,,,,,,,,,,,
594,20.09,20.3,20.07,20.01,19.9,20.27,-0.21,-0.44,,,,,,,,,,,
595,20.14,20.09,20.3,20.07,20.01,19.9,0.05,0.26,,,,,,,,,,,
596,19.89,20.14,20.09,20.3,20.07,20.01,-0.25,-0.3,,,,,,,,,,,
597,19.76,19.89,20.14,20.09,20.3,20.07,-0.13,0.12,,,,,,,,,,,
598,19.59,19.76,19.89,20.14,20.09,20.3,-0.17,-0.04,,,,,,,,,,,
599,19.76,19.59,19.76,19.89,20.14,20.09,0.17,0.34,,,,,,,,,,,
600,19.96,19.76,19.59,19.76,19.89,20.14,0.2,0.03,,,,,,,,,,,
601,19.62,19.96,19.76,19.59,19.76,19.89,-0.34,-0.54,,,,,,,,,,,
602,19.39,19.62,19.96,19.76,19.59,19.76,-0.23,0.11,,,,,,,,,,,
603,19.1,19.39,19.62,19.96,19.76,19.59,-0.29,-0.06,,,,,,,,,,,
604,19.22,19.1,19.39,19.62,19.96,19.76,0.12,0.41,,,,,,,,,,,
605,19.42,19.22,19.1,19.39,19.62,19.96,0.2,0.08,,,,,,,,,,,
606,19.44,19.42,19.22,19.1,19.39,19.62,0.02,-0.18,,,,,,,,,,,
607,19.64,19.44,19.42,19.22,19.1,19.39,0.2,0.18,,,,,,,,,,,
608,19.13,19.64,19.44,19.42,19.22,19.1,-0.51,-0.71,,,,,,,,,,,
609,19.09,19.13,19.64,19.44,19.42,19.22,-0.04,0.47,,,,,,,,,,,
610,18.82,19.09,19.13,19.64,19.44,19.42,-0.27,-0.23,,,,,,,,,,,
611,18.46,18.82,19.09,19.13,19.64,19.44,-0.36,-0.09,,,,,,,,,,,
612,18.48,18.46,18.82,19.09,19.13,19.64,0.02,0.38,,,,,,,,,,,
613,18.51,18.48,18.46,18.82,19.09,19.13,0.03,0.01,,,,,,,,,,,
614,18.58,18.51,18.48,18.46,18.82,19.09,0.07,0.04,,,,,,,,,,,
615,18.32,18.58,18.51,18.48,18.46,18.82,-0.26,-0.33,,,,,,,,,,,
616,18.39,18.32,18.58,18.51,18.48,18.46,0.07,0.33,,,,,,,,,,,
617,18.6,18.39,18.32,18.58,18.51,18.48,0.21,0.14,,,,,,,,,,,
618,18.39,18.6,18.39,18.32,18.58,18.51,-0.21,-0.42,,,,,,,,,,,
619,18.44,18.39,18.6,18.39,18.32,18.58,0.05,0.26,,,,,,,,,,,
620,18.49,18.44,18.39,18.6,18.39,18.32,0.05,-3.55E-15,,,,,,,,,,,
621,18.48,18.49,18.44,18.39,18.6,18.39,-0.01,-0.06,,,,,,,,,,,
622,18.81,18.48,18.49,18.44,18.39,18.6,0.33,0.34,,,,,,,,,,,
623,18.56,18.81,18.48,18.49,18.44,18.39,-0.25,-0.58,,,,,,,,,,,
624,18.38,18.56,18.81,18.48,18.49,18.44,-0.18,0.07,,,,,,,,,,,
625,17.97,18.38,18.56,18.81,18.48,18.49,-0.41,-0.23,,,,,,,,,,,
626,18.28,17.97,18.38,18.56,18.81,18.48,0.31,0.72,,,,,,,,,,,
627,18.44,18.28,17.97,18.38,18.56,18.81,0.16,-0.15,,,,,,,,,,,
628,18.56,18.44,18.28,17.97,18.38,18.56,0.12,-0.04,,,,,,,,,,,
629,18.86,18.56,18.44,18.28,17.97,18.38,0.3,0.18,,,,,,,,,,,
630,19.2,18.86,18.56,18.44,18.28,17.97,0.34,0.04,,,,,,,,,,,
631,19.04,19.2,18.86,18.56,18.44,18.28,-0.16,-0.5,,,,,,,,,,,
632,19.05,19.04,19.2,18.86,18.56,18.44,0.01,0.17,,,,,,,,,,,
633,19.3,19.05,19.04,19.2,18.86,18.56,0.25,0.24,,,,,,,,,,,
634,18.99,19.3,19.05,19.04,19.2,18.86,-0.31,-0.56,,,,,,,,,,,
635,18.63,18.99,19.3,19.05,19.04,19.2,-0.36,-0.05,,,,,,,,,,,
636,18.38,18.63,18.99,19.3,19.05,19.04,-0.25,0.11,,,,,,,,,,,
637,18.51,18.38,18.63,18.99,19.3,19.05,0.13,0.38,,,,,,,,,,,
638,18.53,18.51,18.38,18.63,18.99,19.3,0.02,-0.11,,,,,,,,,,,
639,18.41,18.53,18.51,18.38,18.63,18.99,-0.12,-0.14,,,,,,,,,,,
640,18.29,18.41,18.53,18.51,18.38,18.63,-0.12,0,,,,,,,,,,,
641,18.58,18.29,18.41,18.53,18.51,18.38,0.29,0.41,,,,,,,,,,,
642,18.79,18.58,18.29,18.41,18.53,18.51,0.21,-0.08,,,,,,,,,,,
643,19.16,18.79,18.58,18.29,18.41,18.53,0.37,0.16,,,,,,,,,,,
644,19.04,19.16,18.79,18.58,18.29,18.41,-0.12,-0.49,,,,,,,,,,,
645,18.96,19.04,19.16,18.79,18.58,18.29,-0.08,0.04,,,,,,,,,,,
646,18.56,18.96,19.04,19.16,18.79,18.58,-0.4,-0.32,,,,,,,,,,,
647,18.11,18.56,18.96,19.04,19.16,18.79,-0.45,-0.05,,,,,,,,,,,
648,18.11,18.11,18.56,18.96,19.04,19.16,0,0.45,,,,,,,,,,,
649,17.91,18.11,18.11,18.56,18.96,19.04,-0.2,-0.2,,,,,,,,,,,
650,17.97,17.91,18.11,18.11,18.56,18.96,0.06,0.26,,,,,,,,,,,
651,17.21,17.97,17.91,18.11,18.11,18.56,-0.76,-0.82,,,,,,,,,,,
652,17.47,17.21,17.97,17.91,18.11,18.11,0.26,1.02,,,,,,,,,,,
653,16.47,17.47,17.21,17.97,17.91,18.11,-1,-1.26,,,,,,,,,,,
654,16.51,16.47,17.47,17.21,17.97,17.91,0.04,1.04,,,,,,,,,,,
655,15.43,16.51,16.47,17.47,17.21,17.97,-1.08,-1.12,,,,,,,,,,,
656,15.96,15.43,16.51,16.47,17.47,17.21,0.53,1.61,,,,,,,,,,,
657,15.09,15.96,15.43,16.51,16.47,17.47,-0.87,-1.4,,,,,,,,,,,
658,15.68,15.09,15.96,15.43,16.51,16.47,0.59,1.46,,,,,,,,,,,
659,15.88,15.68,15.09,15.96,15.43,16.51,0.2,-0.39,,,,,,,,,,,
660,16.39,15.88,15.68,15.09,15.96,15.43,0.51,0.31,,,,,,,,,,,
661,16.15,16.39,15.88,15.68,15.09,15.96,-0.24,-0.75,,,,,,,,,,,
662,16.23,16.15,16.39,15.88,15.68,15.09,0.08,0.32,,,,,,,,,,,
663,15.34,16.23,16.15,16.39,15.88,15.68,-0.89,-0.97,,,,,,,,,,,
664,15.09,15.34,16.23,16.15,16.39,15.88,-0.25,0.64,,,,,,,,,,,
665,15.11,15.09,15.34,16.23,16.15,16.39,0.02,0.27,,,,,,,,,,,
666,15.54,15.11,15.09,15.34,16.23,16.15,0.43,0.41,,,,,,,,,,,
667,15.72,15.54,15.11,15.09,15.34,16.23,0.18,-0.25,,,,,,,,,,,
668,15.45,15.72,15.54,15.11,15.09,15.34,-0.27,-0.45,,,,,,,,,,,
669,15.54,15.45,15.72,15.54,15.11,15.09,0.09,0.36,,,,,,,,,,,
670,16.04,15.54,15.45,15.72,15.54,15.11,0.5,0.41,,,,,,,,,,,
671,16.12,16.04,15.54,15.45,15.72,15.54,0.08,-0.42,,,,,,,,,,,
672,16.31,16.12,16.04,15.54,15.45,15.72,0.19,0.11,,,,,,,,,,,
673,16.2,16.31,16.12,16.04,15.54,15.45,-0.11,-0.3,,,,,,,,,,,
674,15.76,16.2,16.31,16.12,16.04,15.54,-0.44,-0.33,,,,,,,,,,,
675,15.25,15.76,16.2,16.31,16.12,16.04,-0.51,-0.07,,,,,,,,,,,
676,15.8,15.25,15.76,16.2,16.31,16.12,0.55,1.06,,,,,,,,,,,
677,15.59,15.8,15.25,15.76,16.2,16.31,-0.21,-0.76,,,,,,,,,,,
678,15.09,15.59,15.8,15.25,15.76,16.2,-0.5,-0.29,,,,,,,,,,,
679,15.01,15.09,15.59,15.8,15.25,15.76,-0.08,0.42,,,,,,,,,,,
680,15.41,15.01,15.09,15.59,15.8,15.25,0.4,0.48,,,,,,,,,,,
681,15.79,15.41,15.01,15.09,15.59,15.8,0.38,-0.02,,,,,,,,,,,
682,16.08,15.79,15.41,15.01,15.09,15.59,0.29,-0.09,,,,,,,,,,,
683,16.33,16.08,15.79,15.41,15.01,15.09,0.25,-0.04,,,,,,,,,,,
684,16.18,16.33,16.08,15.79,15.41,15.01,-0.15,-0.4,,,,,,,,,,,
685,16.04,16.18,16.33,16.08,15.79,15.41,-0.14,0.01,,,,,,,,,,,
686,15.38,16.04,16.18,16.33,16.08,15.79,-0.66,-0.52,,,,,,,,,,,
687,15.04,15.38,16.04,16.18,16.33,16.08,-0.34,0.32,,,,,,,,,,,
688,15.21,15.04,15.38,16.04,16.18,16.33,0.17,0.51,,,,,,,,,,,
689,15.57,15.21,15.04,15.38,16.04,16.18,0.36,0.19,,,,,,,,,,,
690,15.76,15.57,15.21,15.04,15.38,16.04,0.19,-0.17,,,,,,,,,,,
691,15.45,15.76,15.57,15.21,15.04,15.38,-0.31,-0.5,,,,,,,,,,,
692,15.86,15.45,15.76,15.57,15.21,15.04,0.41,0.72,,,,,,,,,,,
693,15.22,15.86,15.45,15.76,15.57,15.21,-0.64,-1.05,,,,,,,,,,,
694,14.69,15.22,15.86,15.45,15.76,15.57,-0.53,0.11,,,,,,,,,,,
695,14.86,14.69,15.22,15.86,15.45,15.76,0.17,0.7,,,,,,,,,,,
696,15.27,14.86,14.69,15.22,15.86,15.45,0.41,0.24,,,,,,,,,,,
697,15.53,15.27,14.86,14.69,15.22,15.86,0.26,-0.15,,,,,,,,,,,
698,15.5,15.53,15.27,14.86,14.69,15.22,-0.03,-0.29,,,,,,,,,,,
699,16.14,15.5,15.53,15.27,14.86,14.69,0.64,0.67,,,,,,,,,,,
700,16.14,16.14,15.5,15.53,15.27,14.86,0,-0.64,,,,,,,,,,,
701,16.4,16.14,16.14,15.5,15.53,15.27,0.26,0.26,,,,,,,,,,,
702,16.22,16.4,16.14,16.14,15.5,15.53,-0.18,-0.44,,,,,,,,,,,
703,16.6,16.22,16.4,16.14,16.14,15.5,0.38,0.56,,,,,,,,,,,
704,16.23,16.6,16.22,16.4,16.14,16.14,-0.37,-0.75,,,,,,,,,,,
705,16.71,16.23,16.6,16.22,16.4,16.14,0.48,0.85,,,,,,,,,,,
706,16.52,16.71,16.23,16.6,16.22,16.4,-0.19,-0.67,,,,,,,,,,,
707,16.63,16.52,16.71,16.23,16.6,16.22,0.11,0.3,,,,,,,,,,,
708,16.31,16.63,16.52,16.71,16.23,16.6,-0.32,-0.43,,,,,,,,,,,
709,16.45,16.31,16.63,16.52,16.71,16.23,0.14,0.46,,,,,,,,,,,
710,16.22,16.45,16.31,16.63,16.52,16.71,-0.23,-0.37,,,,,,,,,,,
711,16.35,16.22,16.45,16.31,16.63,16.52,0.13,0.36,,,,,,,,,,,
712,17.37,16.35,16.22,16.45,16.31,16.63,1.02,0.89,,,,,,,,,,,
713,17.25,17.37,16.35,16.22,16.45,16.31,-0.12,-1.14,,,,,,,,,,,
714,16.71,17.25,17.37,16.35,16.22,16.45,-0.54,-0.42,,,,,,,,,,,
715,16.02,16.71,17.25,17.37,16.35,16.22,-0.69,-0.15,,,,,,,,,,,
716,16.25,16.02,16.71,17.25,17.37,16.35,0.23,0.92,,,,,,,,,,,
717,16.67,16.25,16.02,16.71,17.25,17.37,0.42,0.19,,,,,,,,,,,
718,16.39,16.67,16.25,16.02,16.71,17.25,-0.28,-0.7,,,,,,,,,,,
719,16.39,16.39,16.67,16.25,16.02,16.71,0,0.28,,,,,,,,,,,
720,16.48,16.39,16.39,16.67,16.25,16.02,0.09,0.09,,,,,,,,,,,
721,15.85,16.48,16.39,16.39,16.67,16.25,-0.63,-0.72,,,,,,,,,,,
722,16.06,15.85,16.48,16.39,16.39,16.67,0.21,0.84,,,,,,,,,,,
723,16.3,16.06,15.85,16.48,16.39,16.39,0.24,0.03,,,,,,,,,,,
724,16.1,16.3,16.06,15.85,16.48,16.39,-0.2,-0.44,,,,,,,,,,,
725,16.2,16.1,16.3,16.06,15.85,16.48,0.1,0.3,,,,,,,,,,,
726,15.95,16.2,16.1,16.3,16.06,15.85,-0.25,-0.35,,,,,,,,,,,
727,15.64,15.95,16.2,16.1,16.3,16.06,-0.31,-0.06,,,,,,,,,,,
728,15.65,15.64,15.95,16.2,16.1,16.3,0.01,0.32,,,,,,,,,,,
729,15.24,15.65,15.64,15.95,16.2,16.1,-0.41,-0.42,,,,,,,,,,,
730,14.99,15.24,15.65,15.64,15.95,16.2,-0.25,0.16,,,,,,,,,,,
731,14.73,14.99,15.24,15.65,15.64,15.95,-0.26,-0.01,,,,,,,,,,,
732,14.7,14.73,14.99,15.24,15.65,15.64,-0.03,0.23,,,,,,,,,,,
733,14.8,14.7,14.73,14.99,15.24,15.65,0.1,0.13,,,,,,,,,,,
734,14.92,14.8,14.7,14.73,14.99,15.24,0.12,0.02,,,,,,,,,,,
735,15.91,14.92,14.8,14.7,14.73,14.99,0.99,0.87,,,,,,,,,,,
736,15.91,15.91,14.92,14.8,14.7,14.73,0,-0.99,,,,,,,,,,,
737,16.09,15.91,15.91,14.92,14.8,14.7,0.18,0.18,,,,,,,,,,,
738,16.33,16.09,15.91,15.91,14.92,14.8,0.24,0.06,,,,,,,,,,,
739,16.72,16.33,16.09,15.91,15.91,14.92,0.39,0.15,,,,,,,,,,,
740,16.74,16.72,16.33,16.09,15.91,15.91,0.02,-0.37,,,,,,,,,,,
741,16.31,16.74,16.72,16.33,16.09,15.91,-0.43,-0.45,,,,,,,,,,,
742,16.84,16.31,16.74,16.72,16.33,16.09,0.53,0.96,,,,,,,,,,,
743,16.46,16.84,16.31,16.74,16.72,16.33,-0.38,-0.91,,,,,,,,,,,
744,16.42,16.46,16.84,16.31,16.74,16.72,-0.04,0.34,,,,,,,,,,,
745,16.61,16.42,16.46,16.84,16.31,16.74,0.19,0.23,,,,,,,,,,,
746,16.79,16.61,16.42,16.46,16.84,16.31,0.18,-0.01,,,,,,,,,,,
747,17.01,16.79,16.61,16.42,16.46,16.84,0.22,0.04,,,,,,,,,,,
748,16.86,17.01,16.79,16.61,16.42,16.46,-0.15,-0.37,,,,,,,,,,,
749,17.28,16.86,17.01,16.79,16.61,16.42,0.42,0.57,,,,,,,,,,,
750,17.69,17.28,16.86,17.01,16.79,16.61,0.41,-0.01,,,,,,,,,,,
751,18.05,17.69,17.28,16.86,17.01,16.79,0.36,-0.05,,,,,,,,,,,
752,18.23,18.05,17.69,17.28,16.86,17.01,0.18,-0.18,,,,,,,,,,,
753,18.01,18.23,18.05,17.69,17.28,16.86,-0.22,-0.4,,,,,,,,,,,
754,17.83,18.01,18.23,18.05,17.69,17.28,-0.18,0.04,,,,,,,,,,,
755,18.07,17.83,18.01,18.23,18.05,17.69,0.24,0.42,,,,,,,,,,,
756,17.91,18.07,17.83,18.01,18.23,18.05,-0.16,-0.4,,,,,,,,,,,
757,18.36,17.91,18.07,17.83,18.01,18.23,0.45,0.61,,,,,,,,,,,
758,18.56,18.36,17.91,18.07,17.83,18.01,0.2,-0.25,,,,,,,,,,,
759,18.55,18.56,18.36,17.91,18.07,17.83,-0.01,-0.21,,,,,,,,,,,
760,18.65,18.55,18.56,18.36,17.91,18.07,0.1,0.11,,,,,,,,,,,
761,18.86,18.65,18.55,18.56,18.36,17.91,0.21,0.11,,,,,,,,,,,
762,18.72,18.86,18.65,18.55,18.56,18.36,-0.14,-0.35,,,,,,,,,,,
763,18.88,18.72,18.86,18.65,18.55,18.56,0.16,0.3,,,,,,,,,,,
764,18.93,18.88,18.72,18.86,18.65,18.55,0.05,-0.11,,,,,,,,,,,
765,18.84,18.93,18.88,18.72,18.86,18.65,-0.09,-0.14,,,,,,,,,,,
766,18.74,18.84,18.93,18.88,18.72,18.86,-0.1,-0.01,,,,,,,,,,,
767,19.02,18.74,18.84,18.93,18.88,18.72,0.28,0.38,,,,,,,,,,,
768,19.15,19.02,18.74,18.84,18.93,18.88,0.13,-0.15,,,,,,,,,,,
769,19.15,19.15,19.02,18.74,18.84,18.93,0,-0.13,,,,,,,,,,,
770,18.94,19.15,19.15,19.02,18.74,18.84,-0.21,-0.21,,,,,,,,,,,
771,18.84,18.94,19.15,19.15,19.02,18.74,-0.1,0.11,,,,,,,,,,,
772,19.13,18.84,18.94,19.15,19.15,19.02,0.29,0.39,,,,,,,,,,,
773,19.07,19.13,18.84,18.94,19.15,19.15,-0.06,-0.35,,,,,,,,,,,
774,19.03,19.07,19.13,18.84,18.94,19.15,-0.04,0.02,,,,,,,,,,,
775,18.9,19.03,19.07,19.13,18.84,18.94,-0.13,-0.09,,,,,,,,,,,
776,18.71,18.9,19.03,19.07,19.13,18.84,-0.19,-0.06,,,,,,,,,,,
777,18.77,18.71,18.9,19.03,19.07,19.13,0.06,0.25,,,,,,,,,,,
778,18.75,18.77,18.71,18.9,19.03,19.07,-0.02,-0.08,,,,,,,,,,,
779,19.02,18.75,18.77,18.71,18.9,19.03,0.27,0.29,,,,,,,,,,,
780,19.05,19.02,18.75,18.77,18.71,18.9,0.03,-0.24,,,,,,,,,,,
781,19.18,19.05,19.02,18.75,18.77,18.71,0.13,0.1,,,,,,,,,,,
782,19.24,19.18,19.05,19.02,18.75,18.77,0.06,-0.07,,,,,,,,,,,
783,19.13,19.24,19.18,19.05,19.02,18.75,-0.11,-0.17,,,,,,,,,,,
784,18.88,19.13,19.24,19.18,19.05,19.02,-0.25,-0.14,,,,,,,,,,,
785,19.07,18.88,19.13,19.24,19.18,19.05,0.19,0.44,,,,,,,,,,,
786,18.94,19.07,18.88,19.13,19.24,19.18,-0.13,-0.32,,,,,,,,,,,
787,18.76,18.94,19.07,18.88,19.13,19.24,-0.18,-0.05,,,,,,,,,,,
788,19.01,18.76,18.94,19.07,18.88,19.13,0.25,0.43,,,,,,,,,,,
789,19.28,19.01,18.76,18.94,19.07,18.88,0.27,0.02,,,,,,,,,,,
790,19.41,19.28,19.01,18.76,18.94,19.07,0.13,-0.14,,,,,,,,,,,
791,19.39,19.41,19.28,19.01,18.76,18.94,-0.02,-0.15,,,,,,,,,,,
792,19.31,19.39,19.41,19.28,19.01,18.76,-0.08,-0.06,,,,,,,,,,,
793,19.24,19.31,19.39,19.41,19.28,19.01,-0.07,0.01,,,,,,,,,,,
794,19.07,19.24,19.31,19.39,19.41,19.28,-0.17,-0.1,,,,,,,,,,,
795,19.16,19.07,19.24,19.31,19.39,19.41,0.09,0.26,,,,,,,,,,,
796,19.05,19.16,19.07,19.24,19.31,19.39,-0.11,-0.2,,,,,,,,,,,
797,19.12,19.05,19.16,19.07,19.24,19.31,0.07,0.18,,,,,,,,,,,
798,18.97,19.12,19.05,19.16,19.07,19.24,-0.15,-0.22,,,,,,,,,,,
799,18.85,18.97,19.12,19.05,19.16,19.07,-0.12,0.03,,,,,,,,,,,
800,18.42,18.85,18.97,19.12,19.05,19.16,-0.43,-0.31,,,,,,,,,,,
801,18.77,18.42,18.85,18.97,19.12,19.05,0.35,0.78,,,,,,,,,,,
802,19.03,18.77,18.42,18.85,18.97,19.12,0.26,-0.09,,,,,,,,,,,
803,19.04,19.03,18.77,18.42,18.85,18.97,0.01,-0.25,,,,,,,,,,,
804,19.13,19.04,19.03,18.77,18.42,18.85,0.09,0.08,,,,,,,,,,,
805,19.59,19.13,19.04,19.03,18.77,18.42,0.46,0.37,,,,,,,,,,,
806,19.79,19.59,19.13,19.04,19.03,18.77,0.2,-0.26,,,,,,,,,,,
807,20.16,19.79,19.59,19.13,19.04,19.03,0.37,0.17,,,,,,,,,,,
808,20.2,20.16,19.79,19.59,19.13,19.04,0.04,-0.33,,,,,,,,,,,
809,20.21,20.2,20.16,19.79,19.59,19.13,0.01,-0.03,,,,,,,,,,,
810,20.07,20.21,20.2,20.16,19.79,19.59,-0.14,-0.15,,,,,,,,,,,
811,20.07,20.07,20.21,20.2,20.16,19.79,0,0.14,,,,,,,,,,,
812,19.85,20.07,20.07,20.21,20.2,20.16,-0.22,-0.22,,,,,,,,,,,
813,19.78,19.85,20.07,20.07,20.21,20.2,-0.07,0.15,,,,,,,,,,,
814,20.05,19.78,19.85,20.07,20.07,20.21,0.27,0.34,,,,,,,,,,,
815,20.04,20.05,19.78,19.85,20.07,20.07,-0.01,-0.28,,,,,,,,,,,
816,20.01,20.04,20.05,19.78,19.85,20.07,-0.03,-0.02,,,,,,,,,,,
817,19.95,20.01,20.04,20.05,19.78,19.85,-0.06,-0.03,,,,,,,,,,,
818,20.07,19.95,20.01,20.04,20.05,19.78,0.12,0.18,,,,,,,,,,,
819,20.02,20.07,19.95,20.01,20.04,20.05,-0.05,-0.17,,,,,,,,,,,
820,19.96,20.02,20.07,19.95,20.01,20.04,-0.06,-0.01,,,,,,,,,,,
821,19.74,19.96,20.02,20.07,19.95,20.01,-0.22,-0.16,,,,,,,,,,,
822,19.49,19.74,19.96,20.02,20.07,19.95,-0.25,-0.03,,,,,,,,,,,
823,19.2,19.49,19.74,19.96,20.02,20.07,-0.29,-0.04,,,,,,,,,,,
824,18.74,19.2,19.49,19.74,19.96,20.02,-0.46,-0.17,,,,,,,,,,,
825,19.01,18.74,19.2,19.49,19.74,19.96,0.27,0.73,,,,,,,,,,,
826,19.3,19.01,18.74,19.2,19.49,19.74,0.29,0.02,,,,,,,,,,,
827,18.88,19.3,19.01,18.74,19.2,19.49,-0.42,-0.71,,,,,,,,,,,
828,18.9,18.88,19.3,19.01,18.74,19.2,0.02,0.44,,,,,,,,,,,
829,19.34,18.9,18.88,19.3,19.01,18.74,0.44,0.42,,,,,,,,,,,
830,19.1,19.34,18.9,18.88,19.3,19.01,-0.24,-0.68,,,,,,,,,,,
831,19.14,19.1,19.34,18.9,18.88,19.3,0.04,0.28,,,,,,,,,,,
832,19.36,19.14,19.1,19.34,18.9,18.88,0.22,0.18,,,,,,,,,,,
833,19.07,19.36,19.14,19.1,19.34,18.9,-0.29,-0.51,,,,,,,,,,,
834,19.54,19.07,19.36,19.14,19.1,19.34,0.47,0.76,,,,,,,,,,,
835,19.45,19.54,19.07,19.36,19.14,19.1,-0.09,-0.56,,,,,,,,,,,
836,19.62,19.45,19.54,19.07,19.36,19.14,0.17,0.26,,,,,,,,,,,
837,19.78,19.62,19.45,19.54,19.07,19.36,0.16,-0.01,,,,,,,,,,,
838,19.58,19.78,19.62,19.45,19.54,19.07,-0.2,-0.36,,,,,,,,,,,
839,19.8,19.58,19.78,19.62,19.45,19.54,0.22,0.42,,,,,,,,,,,
840,19.77,19.8,19.58,19.78,19.62,19.45,-0.03,-0.25,,,,,,,,,,,
841,19.61,19.77,19.8,19.58,19.78,19.62,-0.16,-0.13,,,,,,,,,,,
842,19.34,19.61,19.77,19.8,19.58,19.78,-0.27,-0.11,,,,,,,,,,,
843,19.32,19.34,19.61,19.77,19.8,19.58,-0.02,0.25,,,,,,,,,,,
844,19.25,19.32,19.34,19.61,19.77,19.8,-0.07,-0.05,,,,,,,,,,,
845,18.91,19.25,19.32,19.34,19.61,19.77,-0.34,-0.27,,,,,,,,,,,
846,19.09,18.91,19.25,19.32,19.34,19.61,0.18,0.52,,,,,,,,,,,
847,19.01,19.09,18.91,19.25,19.32,19.34,-0.08,-0.26,,,,,,,,,,,
848,18.6,19.01,19.09,18.91,19.25,19.32,-0.41,-0.33,,,,,,,,,,,
849,18.4,18.6,19.01,19.09,18.91,19.25,-0.2,0.21,,,,,,,,,,,
850,19,18.4,18.6,19.01,19.09,18.91,0.6,0.8,,,,,,,,,,,
851,18.88,19,18.4,18.6,19.01,19.09,-0.12,-0.72,,,,,,,,,,,
852,18.95,18.88,19,18.4,18.6,19.01,0.07,0.19,,,,,,,,,,,
853,19.12,18.95,18.88,19,18.4,18.6,0.17,0.1,,,,,,,,,,,
854,19.18,19.12,18.95,18.88,19,18.4,0.06,-0.11,,,,,,,,,,,
855,19.18,19.18,19.12,18.95,18.88,19,0,-0.06,,,,,,,,,,,
856,19.25,19.18,19.18,19.12,18.95,18.88,0.07,0.07,,,,,,,,,,,
857,19.2,19.25,19.18,19.18,19.12,18.95,-0.05,-0.12,,,,,,,,,,,
858,19.35,19.2,19.25,19.18,19.18,19.12,0.15,0.2,,,,,,,,,,,
859,19.04,19.35,19.2,19.25,19.18,19.18,-0.31,-0.46,,,,,,,,,,,
860,19.09,19.04,19.35,19.2,19.25,19.18,0.05,0.36,,,,,,,,,,,
861,18.54,19.09,19.04,19.35,19.2,19.25,-0.55,-0.6,,,,,,,,,,,
862,18.15,18.54,19.09,19.04,19.35,19.2,-0.39,0.16,,,,,,,,,,,
863,18.24,18.15,18.54,19.09,19.04,19.35,0.09,0.48,,,,,,,,,,,
864,18.88,18.24,18.15,18.54,19.09,19.04,0.64,0.55,,,,,,,,,,,
865,19,18.88,18.24,18.15,18.54,19.09,0.12,-0.52,,,,,,,,,,,
866,19.2,19,18.88,18.24,18.15,18.54,0.2,0.08,,,,,,,,,,,
867,19.11,19.2,19,18.88,18.24,18.15,-0.09,-0.29,,,,,,,,,,,
868,19.48,19.11,19.2,19,18.88,18.24,0.37,0.46,,,,,,,,,,,
869,19.37,19.48,19.11,19.2,19,18.88,-0.11,-0.48,,,,,,,,,,,
870,19.72,19.37,19.48,19.11,19.2,19,0.35,0.46,,,,,,,,,,,
871,20,19.72,19.37,19.48,19.11,19.2,0.28,-0.07,,,,,,,,,,,
872,19.75,20,19.72,19.37,19.48,19.11,-0.25,-0.53,,,,,,,,,,,
873,20,19.75,20,19.72,19.37,19.48,0.25,0.5,,,,,,,,,,,
874,20.1,20,19.75,20,19.72,19.37,0.1,-0.15,,,,,,,,,,,
875,19.53,20.1,20,19.75,20,19.72,-0.57,-0.67,,,,,,,,,,,
876,19.81,19.53,20.1,20,19.75,20,0.28,0.85,,,,,,,,,,,
877,19.52,19.81,19.53,20.1,20,19.75,-0.29,-0.57,,,,,,,,,,,
878,19.8,19.52,19.81,19.53,20.1,20,0.28,0.57,,,,,,,,,,,
879,20.13,19.8,19.52,19.81,19.53,20.1,0.33,0.05,,,,,,,,,,,
880,20.2,20.13,19.8,19.52,19.81,19.53,0.07,-0.26,,,,,,,,,,,
881,20.84,20.2,20.13,19.8,19.52,19.81,0.64,0.57,,,,,,,,,,,
882,20.49,20.84,20.2,20.13,19.8,19.52,-0.35,-0.99,,,,,,,,,,,
883,20.43,20.49,20.84,20.2,20.13,19.8,-0.06,0.29,,,,,,,,,,,
884,20.33,20.43,20.49,20.84,20.2,20.13,-0.1,-0.04,,,,,,,,,,,
885,20,20.33,20.43,20.49,20.84,20.2,-0.33,-0.23,,,,,,,,,,,
886,20.04,20,20.33,20.43,20.49,20.84,0.04,0.37,,,,,,,,,,,
887,19.62,20.04,20,20.33,20.43,20.49,-0.42,-0.46,,,,,,,,,,,
888,19.68,19.62,20.04,20,20.33,20.43,0.06,0.48,,,,,,,,,,,
889,19.44,19.68,19.62,20.04,20,20.33,-0.24,-0.3,,,,,,,,,,,
890,19.77,19.44,19.68,19.62,20.04,20,0.33,0.57,,,,,,,,,,,
891,19.59,19.77,19.44,19.68,19.62,20.04,-0.18,-0.51,,,,,,,,,,,
892,19.72,19.59,19.77,19.44,19.68,19.62,0.13,0.31,,,,,,,,,,,
893,19.84,19.72,19.59,19.77,19.44,19.68,0.12,-0.01,,,,,,,,,,,
894,19.8,19.84,19.72,19.59,19.77,19.44,-0.04,-0.16,,,,,,,,,,,
895,19.87,19.8,19.84,19.72,19.59,19.77,0.07,0.11,,,,,,,,,,,
896,20.09,19.87,19.8,19.84,19.72,19.59,0.22,0.15,,,,,,,,,,,
897,19.97,20.09,19.87,19.8,19.84,19.72,-0.12,-0.34,,,,,,,,,,,
898,20,19.97,20.09,19.87,19.8,19.84,0.03,0.15,,,,,,,,,,,
899,20.56,20,19.97,20.09,19.87,19.8,0.56,0.53,,,,,,,,,,,
900,20.92,20.56,20,19.97,20.09,19.87,0.36,-0.2,,,,,,,,,,,
901,20.8,20.92,20.56,20,19.97,20.09,-0.12,-0.48,,,,,,,,,,,
902,20.75,20.8,20.92,20.56,20,19.97,-0.05,0.07,,,,,,,,,,,
903,20.73,20.75,20.8,20.92,20.56,20,-0.02,0.03,,,,,,,,,,,
904,20.52,20.73,20.75,20.8,20.92,20.56,-0.21,-0.19,,,,,,,,,,,
905,20.96,20.52,20.73,20.75,20.8,20.92,0.44,0.65,,,,,,,,,,,
906,20.97,20.96,20.52,20.73,20.75,20.8,0.01,-0.43,,,,,,,,,,,
907,21.12,20.97,20.96,20.52,20.73,20.75,0.15,0.14,,,,,,,,,,,
908,21.01,21.12,20.97,20.96,20.52,20.73,-0.11,-0.26,,,,,,,,,,,
909,21.06,21.01,21.12,20.97,20.96,20.52,0.05,0.16,,,,,,,,,,,
910,21.1,21.06,21.01,21.12,20.97,20.96,0.04,-0.01,,,,,,,,,,,
