CustomerID,Churned
1002,1
1007,1
1008,1
1009,1
1010,1
1011,1
1012,1
1013,1
1016,1
1017,1
1021,1
1023,1
1025,1
1026,1
1027,1
1028,1
1029,1
1031,1
1032,1
1033,1
1037,1
1039,1
1041,1
1042,1
1044,1
1048,1
1050,1
1051,1
1052,1
1054,1
1056,1
1057,1
1059,1
1061,1
1065,1
1070,1
1073,1
1075,1
1077,1
1079,1
1080,1
1085,1
1086,1
1087,1
1088,1
1090,1
1094,1
1095,1
1098,1
1099,1
1100,1
1103,1
1105,1
1106,1
1107,1
1108,1
1110,1
1112,1
1113,1
1116,1
1123,1
1124,1
1125,1
1126,1
1127,1
1131,1
1133,1
1135,1
1141,1
1142,1
1144,1
1145,1
1146,1
1150,1
1151,1
1152,1
1153,1
1156,1
1159,1
1161,1
1164,1
1165,1
1169,1
1170,1
1171,1
1172,1
1174,1
1176,1
1177,1
1180,1
1181,1
1182,1
1183,1
1185,1
1187,1
1188,1
1190,1
1192,1
1194,1
1195,1
1197,1
1199,1
1200,1
1201,1
1202,1
1203,1
1204,1
1207,1
1209,1
1214,1
1215,1
1216,1
1217,1
1218,1
1221,1
1222,1
1225,1
1226,1
1228,1
1229,1
1233,1
1237,1
1239,1
1241,1
1243,1
1244,1
1245,1
1247,1
1249,1
1251,1
1262,1
1264,1
1266,1
1269,1
1272,1
1274,1
1276,1
1280,1
1282,1
1284,1
1285,1
1290,1
1293,1
1294,1
1297,1
1298,1
1303,1
1305,1
1306,1
1307,1
1310,1
1311,1
1314,1
1316,1
1317,1
1318,1
1319,1
1320,1
1324,1
1325,1
1326,1
1327,1
1329,1
1330,1
1331,1
1332,1
1336,1
1337,1
1339,1
1340,1
1341,1
1343,1
1344,1
1345,1
1346,1
1347,1
1350,1
1351,1
1352,1
1353,1
1354,1
1355,1
1357,1
1358,1
1359,1
1360,1
1363,1
1366,1
1371,1
1373,1
1374,1
1375,1
1376,1
1379,1
1384,1
1388,1
1390,1
1392,1
1393,1
1394,1
1396,1
1399,1
1401,1
1402,1
1403,1
1407,1
1408,1
1411,1
1416,1
1417,1
1419,1
1420,1
1421,1
1422,1
1423,1
1425,1
1427,1
1431,1
1433,1
1437,1
1438,1
1440,1
1442,1
1446,1
1447,1
1449,1
1450,1
1452,1
1453,1
1456,1
1457,1
1459,1
1460,1
1462,1
1463,1
1464,1
1465,1
1469,1
1470,1
1471,1
1472,1
1473,1
1478,1
1479,1
1480,1
1483,1
1484,1
1488,1
1495,1
1497,1
1499,1
1500,1
1503,1
1506,1
1507,1
1509,1
1512,1
1513,1
1514,1
1516,1
1518,1
1519,1
1520,1
1521,1
1526,1
1528,1
1529,1
1532,1
1533,1
1536,1
1538,1
1539,1
1542,1
1546,1
1547,1
1552,1
1559,1
1563,1
1565,1
1566,1
1567,1
1569,1
1571,1
1574,1
1575,1
1576,1
1579,1
1582,1
1584,1
1585,1
1586,1
1588,1
1589,1
1590,1
1594,1
1596,1
1599,1
1600,1
1602,1
1604,1
1605,1
1607,1
1609,1
1611,1
1612,1
1613,1
1614,1
1615,1
1617,1
1620,1
1624,1
1628,1
1630,1
1631,1
1632,1
1633,1
1635,1
1637,1
1638,1
1639,1
1642,1
1645,1
1649,1
1651,1
1654,1
1662,1
1663,1
1664,1
1665,1
1666,1
1667,1
1669,1
1670,1
1673,1
1675,1
1676,1
1678,1
1681,1
1682,1
1683,1
1685,1
1686,1
1688,1
1689,1
1690,1
1691,1
1693,1
1694,1
1696,1
1697,1
1698,1
1705,1
1706,1
1707,1
1709,1
1711,1
1714,1
1717,1
1721,1
1723,1
1725,1
1726,1
1728,1
1729,1
1730,1
1731,1
1732,1
1736,1
1737,1
1739,1
1740,1
1741,1
1744,1
1746,1
1750,1
1752,1
1753,1
1754,1
1755,1
1756,1
1758,1
1759,1
1763,1
1764,1
1765,1
1766,1
1767,1
1769,1
1770,1
1774,1
1775,1
1776,1
1777,1
1778,1
1779,1
1780,1
1783,1
1785,1
1787,1
1792,1
1794,1
1795,1
1797,1
1799,1
1800,1
1802,1
1808,1
1811,1
1812,1
1816,1
1818,1
1821,1
1823,1
1826,1
1828,1
1829,1
1831,1
1832,1
1835,1
1837,1
1838,1
1840,1
1841,1
1842,1
1845,1
1846,1
1848,1
1849,1
1851,1
1854,1
1855,1
1859,1
1860,1
1861,1
1864,1
1865,1
1867,1
1868,1
1872,1
1873,1
1874,1
1876,1
1877,1
1880,1
1881,1
1882,1
1885,1
1886,1
1887,1
1890,1
1893,1
1894,1
1896,1
1897,1
1898,1
1901,1
1903,1
1904,1
1906,1
1908,1
1909,1
1911,1
1914,1
1915,1
1916,1
1917,1
1918,1
1923,1
1926,1
1927,1
1929,1
1933,1
1934,1
1936,1
1939,1
1943,1
1944,1
1945,1
1948,1
1949,1
1950,1
1951,1
1952,1
1955,1
1956,1
1959,1
1960,1
1963,1
1964,1
1965,1
1967,1
1968,1
1970,1
1974,1
1975,1
1976,1
1980,1
1984,1
1987,1
1988,1
1991,1
1994,1
1996,1
2003,1
2005,1
2006,1
2007,1
2009,1
2012,1
2013,1
2014,1
2015,1
2019,1
2021,1
2022,1
2023,1
2026,1
2028,1
2031,1
2033,1
2034,1
2035,1
2037,1
2039,1
2041,1
2047,1
2048,1
2053,1
2054,1
2056,1
2057,1
2059,1
2064,1
2065,1
2068,1
2069,1
2070,1
2071,1
2074,1
2075,1
2076,1
2078,1
2079,1
2080,1
2081,1
2084,1
2085,1
2086,1
2087,1
2089,1
2098,1
2100,1
2101,1
2102,1
2106,1
2108,1
2110,1
2111,1
2112,1
2117,1
2118,1
2119,1
2120,1
2123,1
2125,1
2126,1
2127,1
2128,1
2129,1
2133,1
2134,1
2135,1
2144,1
2150,1
2154,1
2155,1
2158,1
2164,1
2171,1
2174,1
2175,1
2178,1
2180,1
2186,1
2187,1
2189,1
2190,1
2191,1
2193,1
2195,1
2196,1
2198,1
2199,1
2200,1
2201,1
2202,1
2205,1
2208,1
2209,1
2210,1
2211,1
2212,1
2214,1
2215,1
2216,1
2217,1
2220,1
2221,1
2223,1
2225,1
2226,1
2227,1
2228,1
2231,1
2233,1
2234,1
2239,1
2240,1
2242,1
2243,1
2247,1
2250,1
2251,1
2252,1
2253,1
2254,1
2255,1
2257,1
2258,1
2259,1
2260,1
2263,1
2268,1
2270,1
2271,1
2272,1
2273,1
2279,1
2281,1
2282,1
2283,1
2284,1
2285,1
2293,1
2296,1
2301,1
2303,1
2304,1
2305,1
2306,1
2309,1
2310,1
2313,1
2314,1
2315,1
2319,1
2323,1
2325,1
2326,1
2327,1
2328,1
2329,1
2333,1
2334,1
2335,1
2337,1
2340,1
2341,1
2343,1
2344,1
2345,1
2347,1
2350,1
2351,1
2353,1
2355,1
2357,1
2359,1
2364,1
2365,1
2367,1
2369,1
2370,1
2371,1
2372,1
2374,1
2375,1
2376,1
2377,1
2379,1
2381,1
2384,1
2385,1
2390,1
2391,1
2394,1
2396,1
2398,1
2399,1
2400,1
2405,1
2410,1
2414,1
2415,1
2416,1
2418,1
2422,1
2423,1
2424,1
2425,1
2428,1
2430,1
2431,1
2432,1
2437,1
2438,1
2439,1
2440,1
2441,1
2443,1
2444,1
2445,1
2446,1
2447,1
2448,1
2449,1
2450,1
2451,1
2452,1
2453,1
2454,1
2455,1
2456,1
2457,1
2458,1
2459,1
2460,1
2461,1
2463,1
2465,1
2466,1
2467,1
2469,1
2470,1
2475,1
2476,1
2479,1
2485,1
2488,1
2490,1
2491,1
2492,1
2493,1
2494,1
2498,1
2501,1
2502,1
2503,1
2504,1
2505,1
2506,1
2508,1
2511,1
2512,1
2513,1
2515,1
2517,1
2520,1
2522,1
2523,1
2524,1
2528,1
2529,1
2532,1
2533,1
2534,1
2540,1
2543,1
2546,1
2550,1
2552,1
2555,1
2556,1
2558,1
2561,1
2564,1
2565,1
2570,1
2572,1
2575,1
2576,1
2577,1
2580,1
2582,1
2587,1
2589,1
2590,1
2591,1
2593,1
2595,1
2598,1
2599,1
2601,1
2602,1
2604,1
2605,1
2608,1
2610,1
2614,1
2621,1
2622,1
2623,1
2624,1
2625,1
2628,1
2631,1
2632,1
2633,1
2635,1
2637,1
2638,1
2642,1
2644,1
2647,1
2651,1
2653,1
2654,1
2656,1
2658,1
2660,1
2663,1
2664,1
2666,1
2667,1
2669,1
2670,1
2671,1
2673,1
2675,1
2676,1
2677,1
2680,1
2681,1
2682,1
2686,1
2687,1
2688,1
2689,1
2692,1
2693,1
2694,1
2695,1
2699,1
2700,1
2701,1
2702,1
2703,1
2705,1
2706,1
2709,1
2710,1
2713,1
2717,1
2722,1
2727,1
2728,1
2729,1
2730,1
2731,1
2732,1
2733,1
2736,1
2737,1
2740,1
2741,1
2743,1
2744,1
2747,1
2748,1
2749,1
2751,1
2753,1
2760,1
2761,1
2771,1
2773,1
2775,1
2777,1
2778,1
2780,1
2782,1
2784,1
2786,1
2787,1
2788,1
2789,1
2790,1
2791,1
2794,1
2796,1
2797,1
2798,1
2800,1
2802,1
2803,1
2809,1
2810,1
2813,1
2814,1
2816,1
2817,1
2818,1
2819,1
2822,1
2823,1
2826,1
2827,1
2829,1
2831,1
2832,1
2833,1
2836,1
2837,1
2839,1
2840,1
2841,1
2842,1
2843,1
2844,1
2846,1
2848,1
2849,1
2850,1
2852,1
2853,1
2854,1
2856,1
2857,1
2858,1
2859,1
2860,1
2861,1
2862,1
2866,1
2868,1
2869,1
2871,1
2872,1
2875,1
2876,1
2877,1
2878,1
2881,1
2883,1
2884,1
2886,1
2887,1
2888,1
2889,1
2893,1
2894,1
2895,1
2897,1
2898,1
2899,1
2900,1
2901,1
2902,1
2903,1
2904,1
2905,1
2907,1
2908,1
2911,1
2912,1
2914,1
2915,1
2917,1
2918,1
2919,1
2920,1
2921,1
2922,1
2923,1
2924,1
2927,1
2928,1
2929,1
2930,1
2932,1
2933,1
2934,1
2938,1
2943,1
2947,1
2948,1
2950,1
2951,1
2952,1
2955,1
2956,1
2957,1
2960,1
2962,1
2963,1
2964,1
2966,1
2967,1
2968,1
2969,1
2970,1
2971,1
2974,1
2975,1
2979,1
2984,1
2986,1
2987,1
2993,1
2994,1
2995,1
2998,1
3000,1
3001,1
3005,1
3007,1
3008,1
3014,1
3016,1
3018,1
3024,1
3026,1
3027,1
3028,1
3029,1
3031,1
3036,1
3039,1
3041,1
3042,1
3044,1
3045,1
3047,1
3048,1
3049,1
3051,1
3054,1
3057,1
3058,1
3059,1
3062,1
3063,1
3064,1
3065,1
3068,1
3069,1
3070,1
3071,1
3072,1
3073,1
3074,1
3075,1
3076,1
3081,1
3082,1
3085,1
3086,1
3087,1
3088,1
3089,1
3091,1
3092,1
3096,1
3099,1
3101,1
3102,1
3103,1
3105,1
3106,1
3107,1
3110,1
3111,1
3114,1
3117,1
3119,1
3121,1
3122,1
3123,1
3128,1
3129,1
3131,1
3132,1
3136,1
3141,1
3142,1
3143,1
3144,1
3145,1
3149,1
3150,1
3152,1
3153,1
3158,1
3159,1
3162,1
3163,1
3164,1
3167,1
3168,1
3170,1
3171,1
3175,1
3176,1
3178,1
3179,1
3182,1
3183,1
3185,1
3190,1
3192,1
3194,1
3195,1
3196,1
3198,1
3205,1
3209,1
3214,1
3217,1
3218,1
3222,1
3224,1
3225,1
3230,1
3231,1
3233,1
3234,1
3235,1
3238,1
3241,1
3244,1
3245,1
3247,1
3248,1
3249,1
3252,1
3253,1
3258,1
3260,1
3268,1
3269,1
3283,1
3285,1
3286,1
3287,1
3289,1
3292,1
3293,1
3294,1
3299,1
3300,1
3301,1
3303,1
3304,1
3307,1
3310,1
3311,1
3313,1
3314,1
3315,1
3318,1
3320,1
3322,1
3324,1
3325,1
3327,1
3328,1
3329,1
3330,1
3331,1
3332,1
3333,1
3334,1
3335,1
3336,1
3341,1
3342,1
3345,1
3346,1
3348,1
3349,1
3350,1
3351,1
3353,1
3354,1
3356,1
3357,1
3358,1
3360,1
3362,1
3366,1
3367,1
3369,1
3372,1
3374,1
3375,1
3378,1
3379,1
3380,1
3381,1
3382,1
3383,1
3384,1
3386,1
3387,1
3392,1
3393,1
3395,1
3397,1
3398,1
3399,1
3400,1
3409,1
3410,1
3411,1
3413,1
3415,1
3424,1
3427,1
3428,1
3429,1
3431,1
3432,1
3433,1
3434,1
3436,1
3440,1
3442,1
3445,1
3446,1
3447,1
3448,1
3449,1
3450,1
3454,1
3455,1
3458,1
3460,1
3461,1
3466,1
3472,1
3473,1
3475,1
3479,1
3481,1
3483,1
3484,1
3487,1
3489,1
3490,1
3491,1
3492,1
3494,1
3495,1
3496,1
3501,1
3503,1
3505,1
3506,1
3509,1
3510,1
3511,1
3513,1
3514,1
3515,1
3516,1
3517,1
3518,1
3519,1
3521,1
3522,1
3523,1
3524,1
3526,1
3528,1
3530,1
3531,1
3532,1
3534,1
3535,1
3539,1
3542,1
3543,1
3546,1
3549,1
3553,1
3554,1
3556,1
3557,1
3558,1
3559,1
3560,1
3562,1
3568,1
3569,1
3570,1
3572,1
3574,1
3577,1
3584,1
3586,1
3587,1
3589,1
3591,1
3592,1
3593,1
3594,1
3595,1
3596,1
3597,1
3599,1
3601,1
3603,1
3605,1
3607,1
3608,1
3609,1
3610,1
3612,1
3615,1
3617,1
3618,1
3620,1
3622,1
3623,1
3625,1
3627,1
3629,1
3630,1
3633,1
3637,1
3639,1
3640,1
3642,1
3645,1
3646,1
3647,1
3649,1
3654,1
3655,1
3659,1
3665,1
3667,1
3668,1
3671,1
3674,1
3675,1
3676,1
3677,1
3678,1
3682,1
3688,1
3693,1
3694,1
3695,1
3697,1
3698,1
3701,1
3702,1
3703,1
3704,1
3707,1
3708,1
3709,1
3711,1
3712,1
3714,1
3717,1
3718,1
3719,1
3720,1
3722,1
3727,1
3731,1
3733,1
3734,1
3735,1
3736,1
3737,1
3740,1
3743,1
3746,1
3747,1
3749,1
3751,1
3752,1
3753,1
3754,1
3755,1
3756,1
3758,1
3759,1
3760,1
3763,1
3764,1
3766,1
3768,1
3769,1
3772,1
3775,1
3776,1
3777,1
3778,1
3780,1
3781,1
3783,1
3785,1
3787,1
3790,1
3791,1
3799,1
3800,1
3803,1
3804,1
3805,1
3807,1
3811,1
3814,1
3816,1
3817,1
3818,1
3820,1
3823,1
3825,1
3829,1
3831,1
3832,1
3835,1
3837,1
3838,1
3839,1
3841,1
3842,1
3844,1
3845,1
3847,1
3848,1
3849,1
3856,1
3859,1
3861,1
3862,1
3863,1
3864,1
3866,1
3868,1
3871,1
3874,1
3875,1
3877,1
3878,1
3879,1
3882,1
3883,1
3884,1
3886,1
3888,1
3893,1
3894,1
3897,1
3898,1
3901,1
3904,1
3905,1
3909,1
3911,1
3912,1
3913,1
3915,1
3916,1
3917,1
3918,1
3919,1
3920,1
3923,1
3925,1
3926,1
3928,1
3931,1
3933,1
3934,1
3935,1
3937,1
3938,1
3941,1
3943,1
3945,1
3947,1
3948,1
3949,1
3950,1
3952,1
3953,1
3955,1
3956,1
3957,1
3961,1
3962,1
3963,1
3964,1
3966,1
3967,1
3968,1
3973,1
3977,1
3978,1
3981,1
3982,1
3984,1
3985,1
3986,1
3987,1
3988,1
3989,1
3992,1
3995,1
3996,1
3997,1
3998,1
4001,1
4002,1
4003,1
4004,1
4006,1
4007,1
4008,1
4009,1
4010,1
4012,1
4013,1
4014,1
4015,1
4019,1
4021,1
4024,1
4025,1
4028,1
4029,1
4030,1
4032,1
4033,1
4034,1
4035,1
4037,1
4039,1
4040,1
4041,1
4045,1
4046,1
4049,1
4050,1
4051,1
4054,1
4055,1
4058,1
4059,1
4060,1
4062,1
4064,1
4065,1
4070,1
4071,1
4073,1
4077,1
4079,1
4081,1
4082,1
4083,1
4088,1
4089,1
4092,1
4095,1
4096,1
4097,1
4100,1
4102,1
4104,1
4105,1
4106,1
4109,1
4110,1
4111,1
4113,1
4114,1
4116,1
4119,1
4120,1
4122,1
4123,1
4125,1
4127,1
4128,1
4130,1
4131,1
4132,1
4133,1
4135,1
4136,1
4137,1
4138,1
4139,1
4140,1
4143,1
4145,1
4147,1
4148,1
4150,1
4153,1
4154,1
4156,1
4159,1
4160,1
4165,1
4169,1
4171,1
4172,1
4174,1
4175,1
4183,1
4184,1
4189,1
4191,1
4192,1
4195,1
4199,1
4200,1
4203,1
4205,1
4208,1
4209,1
1001,0
1003,0
1004,0
1005,0
1006,0
1014,0
1015,0
1018,0
1019,0
1020,0
1022,0
1024,0
1030,0
1034,0
1035,0
1036,0
1038,0
1040,0
1043,0
1045,0
1046,0
1047,0
1049,0
1053,0
1055,0
1058,0
1060,0
1062,0
1063,0
1064,0
1066,0
1067,0
1068,0
1069,0
1071,0
1072,0
1074,0
1076,0
1078,0
1081,0
1082,0
1083,0
1084,0
1089,0
1091,0
1092,0
1093,0
1096,0
1097,0
1101,0
1102,0
1104,0
1109,0
1111,0
1114,0
1115,0
1117,0
1118,0
1119,0
1120,0
1121,0
1122,0
1128,0
1129,0
1130,0
1132,0
1134,0
1136,0
1137,0
1138,0
1139,0
1140,0
1143,0
1147,0
1148,0
1149,0
1154,0
1155,0
1157,0
1158,0
1160,0
1162,0
1163,0
1166,0
1167,0
1168,0
1173,0
1175,0
1178,0
1179,0
1184,0
1186,0
1189,0
1191,0
1193,0
1196,0
1198,0
1205,0
1206,0
1208,0
1210,0
1211,0
1212,0
1213,0
1219,0
1220,0
1223,0
1224,0
1227,0
1230,0
1231,0
1232,0
1234,0
1235,0
1236,0
1238,0
1240,0
1242,0
1246,0
1248,0
1250,0
1252,0
1253,0
1254,0
1255,0
1256,0
1257,0
1258,0
1259,0
1260,0
1261,0
1263,0
1265,0
1267,0
1268,0
1270,0
1271,0
1273,0
1275,0
1277,0
1278,0
1279,0
1281,0
1283,0
1286,0
1287,0
1288,0
1289,0
1291,0
1292,0
1295,0
1296,0
1299,0
1300,0
1301,0
1302,0
1304,0
1308,0
1309,0
1312,0
1313,0
1315,0
1321,0
1322,0
1323,0
1328,0
1333,0
1334,0
1335,0
1338,0
1342,0
1348,0
1349,0
1356,0
1361,0
1362,0
1364,0
1365,0
1367,0
1368,0
1369,0
1370,0
1372,0
1377,0
1378,0
1380,0
1381,0
1382,0
1383,0
1385,0
1386,0
1387,0
1389,0
1391,0
1395,0
1397,0
1398,0
1400,0
1404,0
1405,0
1406,0
1409,0
1410,0
1412,0
1413,0
1414,0
1415,0
1418,0
1424,0
1426,0
1428,0
1429,0
1430,0
1432,0
1434,0
1435,0
1436,0
1439,0
1441,0
1443,0
1444,0
1445,0
1448,0
1451,0
1454,0
1455,0
1458,0
1461,0
1466,0
1467,0
1468,0
1474,0
1475,0
1476,0
1477,0
1481,0
1482,0
1485,0
1486,0
1487,0
1489,0
1490,0
1491,0
1492,0
1493,0
1494,0
1496,0
1498,0
1501,0
1502,0
1504,0
1505,0
1508,0
1510,0
1511,0
1515,0
1517,0
1522,0
1523,0
1524,0
1525,0
1527,0
1530,0
1531,0
1534,0
1535,0
1537,0
1540,0
1541,0
1543,0
1544,0
1545,0
1548,0
1549,0
1550,0
1551,0
1553,0
1554,0
1555,0
1556,0
1557,0
1558,0
1560,0
1561,0
1562,0
1564,0
1568,0
1570,0
1572,0
1573,0
1577,0
1578,0
1580,0
1581,0
1583,0
1587,0
1591,0
1592,0
1593,0
1595,0
1597,0
1598,0
1601,0
1603,0
1606,0
1608,0
1610,0
1616,0
1618,0
1619,0
1621,0
1622,0
1623,0
1625,0
1626,0
1627,0
1629,0
1634,0
1636,0
1640,0
1641,0
1643,0
1644,0
1646,0
1647,0
1648,0
1650,0
1652,0
1653,0
1655,0
1656,0
1657,0
1658,0
1659,0
1660,0
1661,0
1668,0
1671,0
1672,0
1674,0
1677,0
1679,0
1680,0
1684,0
1687,0
1692,0
1695,0
1699,0
1700,0
1701,0
1702,0
1703,0
1704,0
1708,0
1710,0
1712,0
1713,0
1715,0
1716,0
1718,0
1719,0
1720,0
1722,0
1724,0
1727,0
1733,0
1734,0
1735,0
1738,0
1742,0
1743,0
1745,0
1747,0
1748,0
1749,0
1751,0
1757,0
1760,0
1761,0
1762,0
1768,0
1771,0
1772,0
1773,0
1781,0
1782,0
1784,0
1786,0
1788,0
1789,0
1790,0
1791,0
1793,0
1796,0
1798,0
1801,0
1803,0
1804,0
1805,0
1806,0
1807,0
1809,0
1810,0
1813,0
1814,0
1815,0
1817,0
1819,0
1820,0
1822,0
1824,0
1825,0
1827,0
1830,0
1833,0
1834,0
1836,0
1839,0
1843,0
1844,0
1847,0
1850,0
1852,0
1853,0
1856,0
1857,0
1858,0
1862,0
1863,0
1866,0
1869,0
1870,0
1871,0
1875,0
1878,0
1879,0
1883,0
1884,0
1888,0
1889,0
1891,0
1892,0
1895,0
1899,0
1900,0
1902,0
1905,0
1907,0
1910,0
1912,0
1913,0
1919,0
1920,0
1921,0
1922,0
1924,0
1925,0
1928,0
1930,0
1931,0
1932,0
1935,0
1937,0
1938,0
1940,0
1941,0
1942,0
1946,0
1947,0
1953,0
1954,0
1957,0
1958,0
1961,0
1962,0
1966,0
1969,0
1971,0
1972,0
1973,0
1977,0
1978,0
1979,0
1981,0
1982,0
1983,0
1985,0
1986,0
1989,0
1990,0
1992,0
1993,0
1995,0
1997,0
1998,0
1999,0
2000,0
2001,0
2002,0
2004,0
2008,0
2010,0
2011,0
2016,0
2017,0
2018,0
2020,0
2024,0
2025,0
2027,0
2029,0
2030,0
2032,0
2036,0
2038,0
2040,0
2042,0
2043,0
2044,0
2045,0
2046,0
2049,0
2050,0
2051,0
2052,0
2055,0
2058,0
2060,0
2061,0
2062,0
2063,0
2066,0
2067,0
2072,0
2073,0
2077,0
2082,0
2083,0
2088,0
2090,0
2091,0
2092,0
2093,0
2094,0
2095,0
2096,0
2097,0
2099,0
2103,0
2104,0
2105,0
2107,0
2109,0
2113,0
2114,0
2115,0
2116,0
2121,0
2122,0
2124,0
2130,0
2131,0
2132,0
2136,0
2137,0
2138,0
2139,0
2140,0
2141,0
2142,0
2143,0
2145,0
2146,0
2147,0
2148,0
2149,0
2151,0
2152,0
2153,0
2156,0
2157,0
2159,0
2160,0
2161,0
2162,0
2163,0
2165,0
2166,0
2167,0
2168,0
2169,0
2170,0
2172,0
2173,0
2176,0
2177,0
2179,0
2181,0
2182,0
2183,0
2184,0
2185,0
2188,0
2192,0
2194,0
2197,0
2203,0
2204,0
2206,0
2207,0
2213,0
2218,0
2219,0
2222,0
2224,0
2229,0
2230,0
2232,0
2235,0
2236,0
2237,0
2238,0
2241,0
2244,0
2245,0
2246,0
2248,0
2249,0
2256,0
2261,0
2262,0
2264,0
2265,0
2266,0
2267,0
2269,0
2274,0
2275,0
2276,0
2277,0
2278,0
2280,0
2286,0
2287,0
2288,0
2289,0
2290,0
2291,0
2292,0
2294,0
2295,0
2297,0
2298,0
2299,0
2300,0
2302,0
2307,0
2308,0
2311,0
2312,0
2316,0
2317,0
2318,0
2320,0
2321,0
2322,0
2324,0
2330,0
2331,0
2332,0
2336,0
2338,0
2339,0
2342,0
2346,0
2348,0
2349,0
2352,0
2354,0
2356,0
2358,0
2360,0
2361,0
2362,0
2363,0
2366,0
2368,0
2373,0
2378,0
2380,0
2382,0
2383,0
2386,0
2387,0
2388,0
2389,0
2392,0
2393,0
2395,0
2397,0
2401,0
2402,0
2403,0
2404,0
2406,0
2407,0
2408,0
2409,0
2411,0
2412,0
2413,0
2417,0
2419,0
2420,0
2421,0
2426,0
2427,0
2429,0
2433,0
2434,0
2435,0
2436,0
2442,0
2462,0
2464,0
2468,0
2471,0
2472,0
2473,0
2474,0
2477,0
2478,0
2480,0
2481,0
2482,0
2483,0
2484,0
2486,0
2487,0
2489,0
2495,0
2496,0
2497,0
2499,0
2500,0
2507,0
2509,0
2510,0
2514,0
2516,0
2518,0
2519,0
2521,0
2525,0
2526,0
2527,0
2530,0
2531,0
2535,0
2536,0
2537,0
2538,0
2539,0
2541,0
2542,0
2544,0
2545,0
2547,0
2548,0
2549,0
2551,0
2553,0
2554,0
2557,0
2559,0
2560,0
2562,0
2563,0
2566,0
2567,0
2568,0
2569,0
2571,0
2573,0
2574,0
2578,0
2579,0
2581,0
2583,0
2584,0
2585,0
2586,0
2588,0
2592,0
2594,0
2596,0
2597,0
2600,0
2603,0
2606,0
2607,0
2609,0
2611,0
2612,0
2613,0
2615,0
2616,0
2617,0
2618,0
2619,0
2620,0
2626,0
2627,0
2629,0
2630,0
2634,0
2636,0
2639,0
2640,0
2641,0
2643,0
2645,0
2646,0
2648,0
2649,0
2650,0
2652,0
2655,0
2657,0
2659,0
2661,0
2662,0
2665,0
2668,0
2672,0
2674,0
2678,0
2679,0
2683,0
2684,0
2685,0
2690,0
2691,0
2696,0
2697,0
2698,0
2704,0
2707,0
2708,0
2711,0
2712,0
2714,0
2715,0
2716,0
2718,0
2719,0
2720,0
2721,0
2723,0
2724,0
2725,0
2726,0
2734,0
2735,0
2738,0
2739,0
2742,0
2745,0
2746,0
2750,0
2752,0
2754,0
2755,0
2756,0
2757,0
2758,0
2759,0
2762,0
2763,0
2764,0
2765,0
2766,0
2767,0
2768,0
2769,0
2770,0
2772,0
2774,0
2776,0
2779,0
2781,0
2783,0
2785,0
2792,0
2793,0
2795,0
2799,0
2801,0
2804,0
2805,0
2806,0
2807,0
2808,0
2811,0
2812,0
2815,0
2820,0
2821,0
2824,0
2825,0
2828,0
2830,0
2834,0
2835,0
2838,0
2845,0
2847,0
2851,0
2855,0
2863,0
2864,0
2865,0
2867,0
2870,0
2873,0
2874,0
2879,0
2880,0
2882,0
2885,0
2890,0
2891,0
2892,0
2896,0
2906,0
2909,0
2910,0
2913,0
2916,0
2925,0
2926,0
2931,0
2935,0
2936,0
2937,0
2939,0
2940,0
2941,0
2942,0
2944,0
2945,0
2946,0
2949,0
2953,0
2954,0
2958,0
2959,0
2961,0
2965,0
2972,0
2973,0
2976,0
2977,0
2978,0
2980,0
2981,0
2982,0
2983,0
2985,0
2988,0
2989,0
2990,0
2991,0
2992,0
2996,0
2997,0
2999,0
3002,0
3003,0
3004,0
3006,0
3009,0
3010,0
3011,0
3012,0
3013,0
3015,0
3017,0
3019,0
3020,0
3021,0
3022,0
3023,0
3025,0
3030,0
3032,0
3033,0
3034,0
3035,0
3037,0
3038,0
3040,0
3043,0
3046,0
3050,0
3052,0
3053,0
3055,0
3056,0
3060,0
3061,0
3066,0
3067,0
3077,0
3078,0
3079,0
3080,0
3083,0
3084,0
3090,0
3093,0
3094,0
3095,0
3097,0
3098,0
3100,0
3104,0
3108,0
3109,0
3112,0
3113,0
3115,0
3116,0
3118,0
3120,0
3124,0
3125,0
3126,0
3127,0
3130,0
3133,0
3134,0
3135,0
3137,0
3138,0
3139,0
3140,0
3146,0
3147,0
3148,0
3151,0
3154,0
3155,0
3156,0
3157,0
3160,0
3161,0
3165,0
3166,0
3169,0
3172,0
3173,0
3174,0
3177,0
3180,0
3181,0
3184,0
3186,0
3187,0
3188,0
3189,0
3191,0
3193,0
3197,0
3199,0
3200,0
3201,0
3202,0
3203,0
3204,0
3206,0
3207,0
3208,0
3210,0
3211,0
3212,0
3213,0
3215,0
3216,0
3219,0
3220,0
3221,0
3223,0
3226,0
3227,0
3228,0
3229,0
3232,0
3236,0
3237,0
3239,0
3240,0
3242,0
3243,0
3246,0
3250,0
3251,0
3254,0
3255,0
3256,0
3257,0
3259,0
3261,0
3262,0
3263,0
3264,0
3265,0
3266,0
3267,0
3270,0
3271,0
3272,0
3273,0
3274,0
3275,0
3276,0
3277,0
3278,0
3279,0
3280,0
3281,0
3282,0
3284,0
3288,0
3290,0
3291,0
3295,0
3296,0
3297,0
3298,0
3302,0
3305,0
3306,0
3308,0
3309,0
3312,0
3316,0
3317,0
3319,0
3321,0
3323,0
3326,0
3337,0
3338,0
3339,0
3340,0
3343,0
3344,0
3347,0
3352,0
3355,0
3359,0
3361,0
3363,0
3364,0
3365,0
3368,0
3370,0
3371,0
3373,0
3376,0
3377,0
3385,0
3388,0
3389,0
3390,0
3391,0
3394,0
3396,0
3401,0
3402,0
3403,0
3404,0
3405,0
3406,0
3407,0
3408,0
3412,0
3414,0
3416,0
3417,0
3418,0
3419,0
3420,0
3421,0
3422,0
3423,0
3425,0
3426,0
3430,0
3435,0
3437,0
3438,0
3439,0
3441,0
3443,0
3444,0
3451,0
3452,0
3453,0
3456,0
3457,0
3459,0
3462,0
3463,0
3464,0
3465,0
3467,0
3468,0
3469,0
3470,0
3471,0
3474,0
3476,0
3477,0
3478,0
3480,0
3482,0
3485,0
3486,0
3488,0
3493,0
3497,0
3498,0
3499,0
3500,0
3502,0
3504,0
3507,0
3508,0
3512,0
3520,0
3525,0
3527,0
3529,0
3533,0
3536,0
3537,0
3538,0
3540,0
3541,0
3544,0
3545,0
3547,0
3548,0
3550,0
3551,0
3552,0
3555,0
3561,0
3563,0
3564,0
3565,0
3566,0
3567,0
3571,0
3573,0
3575,0
3576,0
3578,0
3579,0
3580,0
3581,0
3582,0
3583,0
3585,0
3588,0
3590,0
3598,0
3600,0
3602,0
3604,0
3606,0
3611,0
3613,0
3614,0
3616,0
3619,0
3621,0
3624,0
3626,0
3628,0
3631,0
3632,0
3634,0
3635,0
3636,0
3638,0
3641,0
3643,0
3644,0
3648,0
3650,0
3651,0
3652,0
3653,0
3656,0
3657,0
3658,0
3660,0
3661,0
3662,0
3663,0
3664,0
3666,0
3669,0
3670,0
3672,0
3673,0
3679,0
3680,0
3681,0
3683,0
3684,0
3685,0
3686,0
3687,0
3689,0
3690,0
3691,0
3692,0
3696,0
3699,0
3700,0
3705,0
3706,0
3710,0
3713,0
3715,0
3716,0
3721,0
3723,0
3724,0
3725,0
3726,0
3728,0
3729,0
3730,0
3732,0
3738,0
3739,0
3741,0
3742,0
3744,0
3745,0
3748,0
3750,0
3757,0
3761,0
3762,0
3765,0
3767,0
3770,0
3771,0
3773,0
3774,0
3779,0
3782,0
3784,0
3786,0
3788,0
3789,0
3792,0
3793,0
3794,0
3795,0
3796,0
3797,0
3798,0
3801,0
3802,0
3806,0
3808,0
3809,0
3810,0
3812,0
3813,0
3815,0
3819,0
3821,0
3822,0
3824,0
3826,0
3827,0
3828,0
3830,0
3833,0
3834,0
3836,0
3840,0
3843,0
3846,0
3850,0
3851,0
3852,0
3853,0
3854,0
3855,0
3857,0
3858,0
3860,0
3865,0
3867,0
3869,0
3870,0
3872,0
3873,0
3876,0
3880,0
3881,0
3885,0
3887,0
3889,0
3890,0
3891,0
3892,0
3895,0
3896,0
3899,0
3900,0
3902,0
3903,0
3906,0
3907,0
3908,0
3910,0
3914,0
3921,0
3922,0
3924,0
3927,0
3929,0
3930,0
3932,0
3936,0
3939,0
3940,0
3942,0
3944,0
3946,0
3951,0
3954,0
3958,0
3959,0
3960,0
3965,0
3969,0
3970,0
3971,0
3972,0
3974,0
3975,0
3976,0
3979,0
3980,0
3983,0
3990,0
3991,0
3993,0
3994,0
3999,0
4000,0
4005,0
4011,0
4016,0
4017,0
4018,0
4020,0
4022,0
4023,0
4026,0
4027,0
4031,0
4036,0
4038,0
4042,0
4043,0
4044,0
4047,0
4048,0
4052,0
4053,0
4056,0
4057,0
4061,0
4063,0
4066,0
4067,0
4068,0
4069,0
4072,0
4074,0
4075,0
4076,0
4078,0
4080,0
4084,0
4085,0
4086,0
4087,0
4090,0
4091,0
4093,0
4094,0
4098,0
4099,0
4101,0
4103,0
4107,0
4108,0
4112,0
4115,0
4117,0
4118,0
4121,0
4124,0
4126,0
4129,0
4134,0
4141,0
4142,0
4144,0
4146,0
4149,0
4151,0
4152,0
4155,0
4157,0
4158,0
4161,0
4162,0
4163,0
4164,0
4166,0
4167,0
4168,0
4170,0
4173,0
4176,0
4177,0
4178,0
4179,0
4180,0
4181,0
4182,0
4185,0
4186,0
4187,0
4188,0
4190,0
4193,0
4194,0
4196,0
4197,0
4198,0
4201,0
4202,0
4204,0
4206,0
4207,0
